a/1	riley-appear
a/10	riley-jealous
a/100	riley-swim-angry
a/101	riley-swim-sulk
a/102	riley-swim-sad
a/103	riley-swim-flustered
a/104	riley-swim-jealous
a/105	riley-swim-surprised
a/106	riley-swim-shy
a/107	riley-swim-hug
a/108	riley-swim-kiss
a/109	riley-swim-handjob
a/11	riley-shy
a/110	riley-swim-handjob-cum
a/111	riley-swim-paizuri
a/112	riley-swim-paizuri-cum
a/113	riley-swim-watch-cock
a/114	riley-swim-cock-kiss
a/115	riley-swim-ball-kiss
a/116	riley-swim-fellatio
a/117	riley-swim-fellatio-cum
a/118	riley-swim-fellatio-after
a/119	riley-swim-missionary
a/12	riley-hug
a/120	riley-swim-missionary-hard
a/121	riley-swim-missionary-cum
a/122	riley-swim-cowgirl
a/123	riley-swim-cowgirl-hard
a/124	riley-swim-cowgirl-cum
a/125	riley-swim-spooning
a/126	riley-swim-spooning-hard
a/127	riley-swim-spooning-cum
a/128	riley-swim-doggy
a/129	riley-swim-doggy-hard
a/13	riley-kiss
a/130	riley-swim-doggy-cum
a/131	riley-swim-standing-spoon
a/132	riley-swim-standing-spoon-cum
a/133	riley-out-appear
a/134	riley-out-talk
a/135	riley-out-smile
a/136	riley-out-angry
a/137	riley-out-sulk
a/138	riley-out-sad
a/139	riley-out-flustered
a/14	riley-nude-seduce
a/140	riley-out-love
a/141	riley-out-aroused
a/142	riley-out-jealous
a/143	riley-out-shy
a/144	riley-out-hug
a/145	riley-out-kiss
a/146	riley-date-cafe
a/147	riley-date-restaurant
a/148	riley-date-cinema
a/149	riley-date-karaoke
a/15	riley-nude
a/150	riley-date-park
a/151	riley-out-seduce
a/152	riley-out-watch-cock
a/153	riley-out-cock-kiss
a/154	riley-out-ball-kiss
a/155	riley-out-fellatio
a/156	riley-out-fellatio-cum
a/157	riley-out-deepthroat
a/158	riley-out-fellatio-after
a/159	riley-out-missionary
a/16	riley-nude-talk
a/160	riley-out-missionary-hard
a/161	riley-out-missionary-cum
a/162	riley-out-cowgirl
a/163	riley-out-cowgirl-hard
a/164	riley-out-cowgirl-cum
a/165	riley-out-spooning
a/166	riley-out-spooning-hard
a/167	riley-out-spooning-cum
a/168	riley-out-doggy
a/169	riley-out-doggy-hard
a/17	riley-nude-smile
a/170	riley-out-doggy-cum
a/171	riley-out-standing-spoon
a/172	riley-out-standing-spoon-cum
a/173	riley-shooting-doggy
a/174	riley-shooting-doggy-cum
a/175	riley-underwear-appear
a/176	riley-underwear-selfie
a/177	riley-underwear-smile
a/178	riley-underwear-talk
a/179	riley-underwear-angry
a/18	riley-nude-angry
a/180	riley-underwear-sulk
a/181	riley-underwear-sad
a/182	riley-underwear-flustered
a/183	riley-underwear-love
a/184	riley-underwear-aroused
a/185	riley-underwear-aroused2
a/186	riley-underwear-jealous
a/187	riley-underwear-shy
a/188	riley-underwear-hug
a/189	riley-underwear-kiss
a/19	riley-nude-sulk
a/190	riley-underwear-watch-cock
a/191	riley-underwear-cock-kiss
a/192	riley-underwear-cock-kiss2
a/193	riley-underwear-ball-kiss
a/194	riley-underwear-fellatio
a/195	riley-underwear-fellatio-cum
a/196	riley-underwear-deepthroat
a/197	riley-underwear-deepthroat-after
a/198	riley-underwear-missionary
a/199	riley-underwear-missionary-hard
a/2	riley-talk
a/20	riley-nude-flustered
a/200	riley-underwear-missionary-cum
a/201	riley-underwear-cowgirl
a/202	riley-underwear-cowgirl-hard
a/203	riley-underwear-cowgirl-cum
a/204	riley-underwear-spooning
a/205	riley-underwear-spooning-hard
a/206	riley-underwear-spooning-cum
a/207	riley-underwear-doggy
a/208	riley-underwear-doggy-hard
a/209	riley-underwear-doggy-cum
a/21	riley-nude-sad
a/210	riley-underwear-standing-spoon
a/211	riley-underwear-standing-spoon-cum
a/212	riley-holding-gun
a/213	riley-mil-missionary
a/214	riley-mil-missionary-cum
a/215	riley-mil-cowgirl
a/216	riley-mil-cowgirl-cum
a/217	riley-mil-spooning
a/218	riley-mil-spooning-cum
a/219	riley-mil-doggy
a/22	riley-nude-jealous
a/220	riley-mil-doggy-cum
a/221	riley-mil-standing-spoon
a/222	riley-mil-standing-spoon-cum
a/223	riley-mil-armpit
a/224	riley-rimjob
a/225	riley-rimjob-cum
a/226	riley-pegging
a/23	riley-nude-love
a/24	riley-nude-shy
a/25	riley-nude-hug
a/26	riley-nude-kiss
a/27	riley-breast-seduce
a/28	riley-breast-seduce2
a/29	riley-breast-caress
a/3	riley-smile
a/30	riley-handjob
a/31	riley-handjob-cum
a/32	riley-paizuri
a/33	riley-paizuri-cum
a/34	riley-watch-cock
a/35	riley-cock-kiss
a/36	riley-ball-kiss
a/37	riley-fellatio
a/38	riley-fellatio-cum
a/39	riley-deepthroat-cum
a/4	riley-angry
a/40	riley-fellatio-pullout
a/41	riley-missionary
a/42	riley-missionary-hard
a/43	riley-missionary-cum
a/44	riley-cowgirl
a/45	riley-cowgirl-hard
a/46	riley-cowgirl-cum
a/47	riley-spooning
a/48	riley-spooning-hard
a/49	riley-spooning-cum
a/5	riley-sulk
a/50	riley-doggy
a/51	riley-doggy-hard
a/52	riley-doggy-cum
a/53	riley-standing-spoon
a/54	riley-standing-spoon-cum
a/55	riley-mating-press
a/56	riley-mating-press-cum
a/57	riley-lotus
a/58	riley-lotus-cum
a/59	riley-amazon
a/6	riley-flustered
a/60	riley-amazon-cum
a/61	riley-footjob
a/62	riley-footjob-cum
a/63	riley-cunnilingus
a/64	riley-masturbate
a/65	riley-mouth-cum
a/66	riley-shower
a/67	riley-shower-sex
a/68	riley-shower-sex-cum
a/69	riley-pregnant
a/7	riley-sad
a/70	riley-preg-missionary
a/71	riley-preg-missionary-cum
a/72	riley-preg-cowgirl
a/73	riley-preg-cowgirl-cum
a/74	riley-milk-handjob
a/75	riley-milk-handjob-cum
a/76	riley-anal-missionary
a/77	riley-anal-missionary-cum
a/78	riley-anal-cowgirl
a/79	riley-anal-cowgirl-cum
a/8	riley-love
a/80	riley-anal-spooning
a/81	riley-anal-spooning-cum
a/82	riley-anal-doggy
a/83	riley-anal-doggy-cum
a/84	riley-spanking
a/85	riley-home-appear
a/86	riley-home-talk
a/87	riley-home-smile
a/88	riley-home-angry
a/89	riley-home-sulk
a/9	riley-aroused
a/90	riley-home-sad
a/91	riley-home-flustered
a/92	riley-home-jealous
a/93	riley-home-surprised
a/94	riley-home-shy
a/95	riley-home-hug
a/96	riley-home-undress
a/97	riley-swim-appear
a/98	riley-swim-talk
a/99	riley-swim-smile
b/1	michelle-appear
b/10	michelle-jealous
b/100	michelle-swim-angry
b/101	michelle-swim-sulk
b/102	michelle-swim-sad
b/103	michelle-swim-flustered
b/104	michelle-swim-jealous
b/105	michelle-swim-surprised
b/106	michelle-swim-shy
b/107	michelle-swim-hug
b/108	michelle-swim-kiss
b/109	michelle-swim-handjob
b/11	michelle-shy
b/110	michelle-swim-handjob-cum
b/111	michelle-swim-paizuri
b/112	michelle-swim-paizuri-cum
b/113	michelle-swim-watch-cock
b/114	michelle-swim-cock-kiss
b/115	michelle-swim-ball-kiss
b/116	michelle-swim-fellatio
b/117	michelle-swim-fellatio-cum
b/118	michelle-swim-fellatio-after
b/119	michelle-swim-missionary
b/12	michelle-hug
b/120	michelle-swim-missionary-hard
b/121	michelle-swim-missionary-cum
b/122	michelle-swim-cowgirl
b/123	michelle-swim-cowgirl-hard
b/124	michelle-swim-cowgirl-cum
b/125	michelle-swim-spooning
b/126	michelle-swim-spooning-hard
b/127	michelle-swim-spooning-cum
b/128	michelle-swim-doggy
b/129	michelle-swim-doggy-hard
b/13	michelle-kiss
b/130	michelle-swim-doggy-cum
b/131	michelle-swim-standing-spoon
b/132	michelle-swim-standing-spoon-cum
b/133	michelle-out-appear
b/134	michelle-out-talk
b/135	michelle-out-smile
b/136	michelle-out-angry
b/137	michelle-out-sulk
b/138	michelle-out-sad
b/139	michelle-out-flustered
b/14	michelle-nude-seduce
b/140	michelle-out-love
b/141	michelle-out-aroused
b/142	michelle-out-jealous
b/143	michelle-out-shy
b/144	michelle-out-hug
b/145	michelle-out-kiss
b/146	michelle-date-cafe
b/147	michelle-date-restaurant
b/148	michelle-date-cinema
b/149	michelle-date-karaoke
b/15	michelle-nude
b/150	michelle-date-park
b/151	michelle-out-seduce
b/152	michelle-out-watch-cock
b/153	michelle-out-cock-kiss
b/154	michelle-out-ball-kiss
b/155	michelle-out-fellatio
b/156	michelle-out-fellatio-cum
b/157	michelle-out-deepthroat
b/158	michelle-out-fellatio-after
b/159	michelle-out-missionary
b/16	michelle-nude-talk
b/160	michelle-out-missionary-hard
b/161	michelle-out-missionary-cum
b/162	michelle-out-cowgirl
b/163	michelle-out-cowgirl-hard
b/164	michelle-out-cowgirl-cum
b/165	michelle-out-spooning
b/166	michelle-out-spooning-hard
b/167	michelle-out-spooning-cum
b/168	michelle-out-doggy
b/169	michelle-out-doggy-hard
b/17	michelle-nude-smile
b/170	michelle-out-doggy-cum
b/171	michelle-out-standing-spoon
b/172	michelle-out-standing-spoon-cum
b/173	michelle-shooting-doggy
b/174	michelle-shooting-doggy-cum
b/175	michelle-underwear-appear
b/176	michelle-underwear-selfie
b/177	michelle-underwear-smile
b/178	michelle-underwear-talk
b/179	michelle-underwear-angry
b/18	michelle-nude-angry
b/180	michelle-underwear-sulk
b/181	michelle-underwear-sad
b/182	michelle-underwear-flustered
b/183	michelle-underwear-love
b/184	michelle-underwear-aroused
b/185	michelle-underwear-aroused2
b/186	michelle-underwear-jealous
b/187	michelle-underwear-shy
b/188	michelle-underwear-hug
b/189	michelle-underwear-kiss
b/19	michelle-nude-sulk
b/190	michelle-underwear-watch-cock
b/191	michelle-underwear-cock-kiss
b/192	michelle-underwear-cock-kiss2
b/193	michelle-underwear-ball-kiss
b/194	michelle-underwear-fellatio
b/195	michelle-underwear-fellatio-cum
b/196	michelle-underwear-deepthroat
b/197	michelle-underwear-deepthroat-after
b/198	michelle-underwear-missionary
b/199	michelle-underwear-missionary-hard
b/2	michelle-talk
b/20	michelle-nude-flustered
b/200	michelle-underwear-missionary-cum
b/201	michelle-underwear-cowgirl
b/202	michelle-underwear-cowgirl-hard
b/203	michelle-underwear-cowgirl-cum
b/204	michelle-underwear-spooning
b/205	michelle-underwear-spooning-hard
b/206	michelle-underwear-spooning-cum
b/207	michelle-underwear-doggy
b/208	michelle-underwear-doggy-hard
b/209	michelle-underwear-doggy-cum
b/21	michelle-nude-sad
b/210	michelle-underwear-standing-spoon
b/211	michelle-underwear-standing-spoon-cum
b/212	michelle-holding-gun
b/213	michelle-mil-missionary
b/214	michelle-mil-missionary-cum
b/215	michelle-mil-cowgirl
b/216	michelle-mil-cowgirl-cum
b/217	michelle-mil-spooning
b/218	michelle-mil-spooning-cum
b/219	michelle-mil-doggy
b/22	michelle-nude-jealous
b/220	michelle-mil-doggy-cum
b/221	michelle-mil-standing-spoon
b/222	michelle-mil-standing-spoon-cum
b/223	michelle-mil-armpit
b/224	michelle-rimjob
b/225	michelle-rimjob-cum
b/226	michelle-pegging
b/23	michelle-nude-love
b/24	michelle-nude-shy
b/25	michelle-nude-hug
b/26	michelle-nude-kiss
b/27	michelle-breast-seduce
b/28	michelle-breast-seduce2
b/29	michelle-breast-caress
b/3	michelle-smile
b/30	michelle-handjob
b/31	michelle-handjob-cum
b/32	michelle-paizuri
b/33	michelle-paizuri-cum
b/34	michelle-watch-cock
b/35	michelle-cock-kiss
b/36	michelle-ball-kiss
b/37	michelle-fellatio
b/38	michelle-fellatio-cum
b/39	michelle-deepthroat-cum
b/4	michelle-angry
b/40	michelle-fellatio-pullout
b/41	michelle-missionary
b/42	michelle-missionary-hard
b/43	michelle-missionary-cum
b/44	michelle-cowgirl
b/45	michelle-cowgirl-hard
b/46	michelle-cowgirl-cum
b/47	michelle-spooning
b/48	michelle-spooning-hard
b/49	michelle-spooning-cum
b/5	michelle-sulk
b/50	michelle-doggy
b/51	michelle-doggy-hard
b/52	michelle-doggy-cum
b/53	michelle-standing-spoon
b/54	michelle-standing-spoon-cum
b/55	michelle-mating-press
b/56	michelle-mating-press-cum
b/57	michelle-lotus
b/58	michelle-lotus-cum
b/59	michelle-amazon
b/6	michelle-flustered
b/60	michelle-amazon-cum
b/61	michelle-footjob
b/62	michelle-footjob-cum
b/63	michelle-cunnilingus
b/64	michelle-masturbate
b/65	michelle-mouth-cum
b/66	michelle-shower
b/67	michelle-shower-sex
b/68	michelle-shower-sex-cum
b/69	michelle-pregnant
b/7	michelle-sad
b/70	michelle-preg-missionary
b/71	michelle-preg-missionary-cum
b/72	michelle-preg-cowgirl
b/73	michelle-preg-cowgirl-cum
b/74	michelle-milk-handjob
b/75	michelle-milk-handjob-cum
b/76	michelle-anal-missionary
b/77	michelle-anal-missionary-cum
b/78	michelle-anal-cowgirl
b/79	michelle-anal-cowgirl-cum
b/8	michelle-love
b/80	michelle-anal-spooning
b/81	michelle-anal-spooning-cum
b/82	michelle-anal-doggy
b/83	michelle-anal-doggy-cum
b/84	michelle-spanking
b/85	michelle-home-appear
b/86	michelle-home-talk
b/87	michelle-home-smile
b/88	michelle-home-angry
b/89	michelle-home-sulk
b/9	michelle-aroused
b/90	michelle-home-sad
b/91	michelle-home-flustered
b/92	michelle-home-jealous
b/93	michelle-home-surprised
b/94	michelle-home-shy
b/95	michelle-home-hug
b/96	michelle-home-undress
b/97	michelle-swim-appear
b/98	michelle-swim-talk
b/99	michelle-swim-smile
c/1	jessie-appear
c/100	jessie-swim-angry
c/101	jessie-swim-sulk
c/103	jessie-swim-flustered
c/104	jessie-swim-jealous
c/105	jessie-swim-surprised
c/106	jessie-swim-shy
c/107	jessie-swim-hug
c/108	jessie-swim-kiss
c/109	jessie-swim-handjob
c/11	jessie-shy
c/110	jessie-swim-handjob-cum
c/111	jessie-swim-paizuri
c/112	jessie-swim-paizuri-cum
c/113	jessie-swim-watch-cock
c/114	jessie-swim-cock-kiss
c/115	jessie-swim-ball-kiss
c/116	jessie-swim-fellatio
c/117	jessie-swim-fellatio-cum
c/118	jessie-swim-fellatio-after
c/119	jessie-swim-missionary
c/12	jessie-hug
c/120	jessie-swim-missionary-hard
c/121	jessie-swim-missionary-cum
c/122	jessie-swim-cowgirl
c/123	jessie-swim-cowgirl-hard
c/124	jessie-swim-cowgirl-cum
c/125	jessie-swim-spooning
c/126	jessie-swim-spooning-hard
c/127	jessie-swim-spooning-cum
c/128	jessie-swim-doggy
c/129	jessie-swim-doggy-hard
c/13	jessie-kiss
c/130	jessie-swim-doggy-cum
c/131	jessie-swim-standing-spoon
c/132	jessie-swim-standing-spoon-cum
c/133	jessie-out-appear
c/134	jessie-out-talk
c/135	jessie-out-smile
c/136	jessie-out-angry
c/137	jessie-out-sulk
c/138	jessie-out-sad
c/139	jessie-out-flustered
c/14	jessie-nude-seduce
c/140	jessie-out-love
c/141	jessie-out-aroused
c/142	jessie-out-jealous
c/143	jessie-out-shy
c/144	jessie-out-hug
c/145	jessie-out-kiss
c/146	jessie-date-cafe
c/147	jessie-date-restaurant
c/148	jessie-date-cinema
c/149	jessie-date-karaoke
c/15	jessie-nude
c/150	jessie-date-park
c/151	jessie-out-seduce
c/152	jessie-out-watch-cock
c/153	jessie-out-cock-kiss
c/154	jessie-out-ball-kiss
c/155	jessie-out-fellatio
c/156	jessie-out-fellatio-cum
c/157	jessie-out-deepthroat
c/158	jessie-out-fellatio-after
c/159	jessie-out-missionary
c/16	jessie-nude-talk
c/160	jessie-out-missionary-hard
c/161	jessie-out-missionary-cum
c/162	jessie-out-cowgirl
c/163	jessie-out-cowgirl-hard
c/164	jessie-out-cowgirl-cum
c/165	jessie-out-spooning
c/166	jessie-out-spooning-hard
c/167	jessie-out-spooning-cum
c/168	jessie-out-doggy
c/169	jessie-out-doggy-hard
c/17	jessie-nude-smile
c/170	jessie-out-doggy-cum
c/171	jessie-out-standing-spoon
c/172	jessie-out-standing-spoon-cum
c/173	jessie-shooting-doggy
c/174	jessie-shooting-doggy-cum
c/175	jessie-underwear-appear
c/176	jessie-underwear-selfie
c/177	jessie-underwear-smile
c/178	jessie-underwear-talk
c/179	jessie-underwear-angry
c/18	jessie-nude-angry
c/180	jessie-underwear-sulk
c/181	jessie-underwear-sad
c/182	jessie-underwear-flustered
c/183	jessie-underwear-love
c/184	jessie-underwear-aroused
c/185	jessie-underwear-aroused2
c/186	jessie-underwear-jealous
c/187	jessie-underwear-shy
c/188	jessie-underwear-hug
c/189	jessie-underwear-kiss
c/19	jessie-nude-sulk
c/190	jessie-underwear-watch-cock
c/191	jessie-underwear-cock-kiss
c/193	jessie-underwear-ball-kiss
c/194	jessie-underwear-fellatio
c/195	jessie-underwear-fellatio-cum
c/196	jessie-underwear-deepthroat
c/197	jessie-underwear-deepthroat-after
c/198	jessie-underwear-missionary
c/199	jessie-underwear-missionary-hard
c/2	jessie-talk
c/20	jessie-nude-flustered
c/200	jessie-underwear-missionary-cum
c/201	jessie-underwear-cowgirl
c/202	jessie-underwear-cowgirl-hard
c/203	jessie-underwear-cowgirl-cum
c/204	jessie-underwear-spooning
c/205	jessie-underwear-spooning-hard
c/206	jessie-underwear-spooning-cum
c/207	jessie-underwear-doggy
c/208	jessie-underwear-doggy-hard
c/21	jessie-nude-sad
c/210	jessie-underwear-standing-spoon
c/211	jessie-underwear-standing-spoon-cum
c/212	jessie-holding-gun
c/213	jessie-mil-missionary
c/214	jessie-mil-missionary-cum
c/215	jessie-mil-cowgirl
c/216	jessie-mil-cowgirl-cum
c/217	jessie-mil-spooning
c/218	jessie-mil-spooning-cum
c/219	jessie-mil-doggy
c/22	jessie-nude-jealous
c/220	jessie-mil-doggy-cum
c/221	jessie-mil-standing-spoon
c/222	jessie-mil-standing-spoon-cum
c/223	jessie-mil-armpit
c/224	jessie-rimjob
c/225	jessie-rimjob-cum
c/226	jessie-pegging
c/23	jessie-nude-love
c/24	jessie-nude-shy
c/25	jessie-nude-hug
c/26	jessie-nude-kiss
c/27	jessie-breast-seduce
c/28	jessie-breast-seduce2
c/29	jessie-breast-caress
c/3	jessie-smile
c/30	jessie-handjob
c/31	jessie-handjob-cum
c/32	jessie-paizuri
c/33	jessie-paizuri-cum
c/34	jessie-watch-cock
c/35	jessie-cock-kiss
c/36	jessie-ball-kiss
c/37	jessie-fellatio
c/38	jessie-fellatio-cum
c/39	jessie-deepthroat-cum
c/4	jessie-angry
c/40	jessie-fellatio-pullout
c/41	jessie-missionary
c/42	jessie-missionary-hard
c/43	jessie-missionary-cum
c/44	jessie-cowgirl
c/45	jessie-cowgirl-hard
c/46	jessie-cowgirl-cum
c/47	jessie-spooning
c/48	jessie-spooning-hard
c/49	jessie-spooning-cum
c/5	jessie-sulk
c/50	jessie-doggy
c/51	jessie-doggy-hard
c/52	jessie-doggy-cum
c/53	jessie-standing-spoon
c/54	jessie-standing-spoon-cum
c/55	jessie-mating-press
c/56	jessie-mating-press-cum
c/57	jessie-lotus
c/58	jessie-lotus-cum
c/59	jessie-amazon
c/6	jessie-flustered
c/60	jessie-amazon-cum
c/61	jessie-footjob
c/62	jessie-footjob-cum
c/63	jessie-cunnilingus
c/64	jessie-masturbate
c/65	jessie-mouth-cum
c/66	jessie-shower
c/67	jessie-shower-sex
c/68	jessie-shower-sex-cum
c/69	jessie-pregnant
c/7	jessie-sad
c/70	jessie-preg-missionary
c/71	jessie-preg-missionary-cum
c/72	jessie-preg-cowgirl
c/73	jessie-preg-cowgirl-cum
c/74	jessie-milk-handjob
c/75	jessie-milk-handjob-cum
c/76	jessie-anal-missionary
c/77	jessie-anal-missionary-cum
c/78	jessie-anal-cowgirl
c/79	jessie-anal-cowgirl-cum
c/8	jessie-love
c/80	jessie-anal-spooning
c/81	jessie-anal-spooning-cum
c/82	jessie-anal-doggy
c/83	jessie-anal-doggy-cum
c/84	jessie-spanking
c/85	jessie-home-appear
c/86	jessie-home-talk
c/87	jessie-home-smile
c/88	jessie-home-angry
c/89	jessie-home-sulk
c/9	jessie-aroused
c/90	jessie-home-sad
c/91	jessie-home-flustered
c/92	jessie-home-jealous
c/93	jessie-home-surprised
c/94	jessie-home-shy
c/95	jessie-home-hug
c/96	jessie-home-undress
c/97	jessie-swim-appear
c/98	jessie-swim-talk
c/99	jessie-swim-smile
d/1	lily-appear
d/10	lily-jealous
d/100	lily-swim-angry
d/101	lily-swim-sulk
d/102	lily-swim-sad
d/103	lily-swim-flustered
d/104	lily-swim-jealous
d/105	lily-swim-surprised
d/106	lily-swim-shy
d/107	lily-swim-hug
d/108	lily-swim-kiss
d/109	lily-swim-handjob
d/11	lily-shy
d/110	lily-swim-handjob-cum
d/111	lily-swim-paizuri
d/112	lily-swim-paizuri-cum
d/113	lily-swim-watch-cock
d/114	lily-swim-cock-kiss
d/115	lily-swim-ball-kiss
d/116	lily-swim-fellatio
d/117	lily-swim-fellatio-cum
d/118	lily-swim-fellatio-after
d/119	lily-swim-missionary
d/12	lily-hug
d/120	lily-swim-missionary-hard
d/121	lily-swim-missionary-cum
d/122	lily-swim-cowgirl
d/123	lily-swim-cowgirl-hard
d/124	lily-swim-cowgirl-cum
d/125	lily-swim-spooning
d/126	lily-swim-spooning-hard
d/127	lily-swim-spooning-cum
d/128	lily-swim-doggy
d/129	lily-swim-doggy-hard
d/13	lily-kiss
d/130	lily-swim-doggy-cum
d/131	lily-swim-standing-spoon
d/132	lily-swim-standing-spoon-cum
d/133	lily-out-appear
d/134	lily-out-talk
d/135	lily-out-smile
d/136	lily-out-angry
d/137	lily-out-sulk
d/138	lily-out-sad
d/139	lily-out-flustered
d/14	lily-nude-seduce
d/140	lily-out-love
d/141	lily-out-aroused
d/142	lily-out-jealous
d/143	lily-out-shy
d/144	lily-out-hug
d/145	lily-out-kiss
d/146	lily-date-cafe
d/147	lily-date-restaurant
d/148	lily-date-cinema
d/149	lily-date-karaoke
d/15	lily-nude
d/150	lily-date-park
d/151	lily-out-seduce
d/152	lily-out-watch-cock
d/153	lily-out-cock-kiss
d/154	lily-out-ball-kiss
d/155	lily-out-fellatio
d/156	lily-out-fellatio-cum
d/157	lily-out-deepthroat
d/158	lily-out-fellatio-after
d/159	lily-out-missionary
d/16	lily-nude-talk
d/160	lily-out-missionary-hard
d/161	lily-out-missionary-cum
d/162	lily-out-cowgirl
d/163	lily-out-cowgirl-hard
d/164	lily-out-cowgirl-cum
d/165	lily-out-spooning
d/166	lily-out-spooning-hard
d/167	lily-out-spooning-cum
d/168	lily-out-doggy
d/169	lily-out-doggy-hard
d/17	lily-nude-smile
d/170	lily-out-doggy-cum
d/171	lily-out-standing-spoon
d/172	lily-out-standing-spoon-cum
d/173	lily-shooting-doggy
d/174	lily-shooting-doggy-cum
d/175	lily-underwear-appear
d/176	lily-underwear-selfie
d/177	lily-underwear-smile
d/178	lily-underwear-talk
d/179	lily-underwear-angry
d/18	lily-nude-angry
d/180	lily-underwear-sulk
d/181	lily-underwear-sad
d/182	lily-underwear-flustered
d/183	lily-underwear-love
d/184	lily-underwear-aroused
d/185	lily-underwear-aroused2
d/186	lily-underwear-jealous
d/187	lily-underwear-shy
d/188	lily-underwear-hug
d/189	lily-underwear-kiss
d/19	lily-nude-sulk
d/190	lily-underwear-watch-cock
d/191	lily-underwear-cock-kiss
d/192	lily-underwear-cock-kiss2
d/193	lily-underwear-ball-kiss
d/194	lily-underwear-fellatio
d/195	lily-underwear-fellatio-cum
d/196	lily-underwear-deepthroat
d/197	lily-underwear-deepthroat-after
d/198	lily-underwear-missionary
d/199	lily-underwear-missionary-hard
d/2	lily-talk
d/20	lily-nude-flustered
d/200	lily-underwear-missionary-cum
d/201	lily-underwear-cowgirl
d/202	lily-underwear-cowgirl-hard
d/203	lily-underwear-cowgirl-cum
d/204	lily-underwear-spooning
d/205	lily-underwear-spooning-hard
d/206	lily-underwear-spooning-cum
d/207	lily-underwear-doggy
d/208	lily-underwear-doggy-hard
d/209	lily-underwear-doggy-cum
d/21	lily-nude-sad
d/210	lily-underwear-standing-spoon
d/211	lily-underwear-standing-spoon-cum
d/212	lily-holding-gun
d/213	lily-mil-missionary
d/214	lily-mil-missionary-cum
d/215	lily-mil-cowgirl
d/216	lily-mil-cowgirl-cum
d/217	lily-mil-spooning
d/218	lily-mil-spooning-cum
d/219	lily-mil-doggy
d/22	lily-nude-jealous
d/220	lily-mil-doggy-cum
d/221	lily-mil-standing-spoon
d/222	lily-mil-standing-spoon-cum
d/223	lily-mil-armpit
d/224	lily-rimjob
d/225	lily-rimjob-cum
d/226	lily-pegging
d/23	lily-nude-love
d/24	lily-nude-shy
d/25	lily-nude-hug
d/26	lily-nude-kiss
d/27	lily-breast-seduce
d/28	lily-breast-seduce2
d/29	lily-breast-caress
d/3	lily-smile
d/30	lily-handjob
d/31	lily-handjob-cum
d/32	lily-paizuri
d/33	lily-paizuri-cum
d/34	lily-watch-cock
d/35	lily-cock-kiss
d/36	lily-ball-kiss
d/37	lily-fellatio
d/38	lily-fellatio-cum
d/39	lily-deepthroat-cum
d/4	lily-angry
d/40	lily-fellatio-pullout
d/41	lily-missionary
d/42	lily-missionary-hard
d/43	lily-missionary-cum
d/44	lily-cowgirl
d/45	lily-cowgirl-hard
d/46	lily-cowgirl-cum
d/47	lily-spooning
d/48	lily-spooning-hard
d/49	lily-spooning-cum
d/5	lily-sulk
d/50	lily-doggy
d/51	lily-doggy-hard
d/52	lily-doggy-cum
d/53	lily-standing-spoon
d/54	lily-standing-spoon-cum
d/55	lily-mating-press
d/56	lily-mating-press-cum
d/57	lily-lotus
d/58	lily-lotus-cum
d/59	lily-amazon
d/6	lily-flustered
d/60	lily-amazon-cum
d/61	lily-footjob
d/62	lily-footjob-cum
d/63	lily-cunnilingus
d/64	lily-masturbate
d/65	lily-mouth-cum
d/66	lily-shower
d/67	lily-shower-sex
d/68	lily-shower-sex-cum
d/69	lily-pregnant
d/7	lily-sad
d/70	lily-preg-missionary
d/71	lily-preg-missionary-cum
d/72	lily-preg-cowgirl
d/73	lily-preg-cowgirl-cum
d/74	lily-milk-handjob
d/75	lily-milk-handjob-cum
d/76	lily-anal-missionary
d/77	lily-anal-missionary-cum
d/78	lily-anal-cowgirl
d/79	lily-anal-cowgirl-cum
d/8	lily-love
d/80	lily-anal-spooning
d/81	lily-anal-spooning-cum
d/82	lily-anal-doggy
d/83	lily-anal-doggy-cum
d/84	lily-spanking
d/85	lily-home-appear
d/86	lily-home-talk
d/87	lily-home-smile
d/88	lily-home-angry
d/89	lily-home-sulk
d/9	lily-aroused
d/90	lily-home-sad
d/91	lily-home-flustered
d/92	lily-home-jealous
d/93	lily-home-surprised
d/94	lily-home-shy
d/95	lily-home-hug
d/96	lily-home-undress
d/97	lily-swim-appear
d/98	lily-swim-talk
d/99	lily-swim-smile
