AA/1	seoyun-smile
AA/10	seoyun-annoyed
AA/11	seoyun-angry
AA/12	seoyun-contempt
AA/13	seoyun-disgust
AA/14	seoyun-submit
AA/15	seoyun-languid
AA/16	seoyun-confident
AA/17	seoyun-affection
AA/18	seoyun-heat
AA/19	seoyun-aegyo
AA/2	seoyun-laugh
AA/20	seoyun-kiss
AA/21	seoyun-deepkiss
AA/22	seoyun-seduce
AA/23	seoyun-pregnant
AA/24	seoyun-full-pregnant
AA/25	seoyun-wedding
AA/26	seoyun-parenting
AA/3	seoyun-admire
AA/31	seoyun-armpit
AA/32	seoyun-butt
AA/33	seoyun-masturbate
AA/34	seoyun-masturbate-climax
AA/35	seoyun-breast-touch
AA/36	seoyun-breast-suck
AA/37	seoyun-fingering
AA/38	seoyun-fingering-climax
AA/39	seoyun-cunnilingus
AA/4	seoyun-sad
AA/40	seoyun-cunnilingus-climax
AA/41	seoyun-smell-cock
AA/42	seoyun-cock-kiss
AA/43	seoyun-fellatio
AA/44	seoyun-fellatio-intense
AA/45	seoyun-fellatio-cum
AA/46	seoyun-show-cum
AA/47	seoyun-drink-cum
AA/48	seoyun-paizuri
AA/49	seoyun-paizuri-cum
AA/5	seoyun-surprised
AA/50	seoyun-missionary
AA/51	seoyun-missionary-cum
AA/52	seoyun-doggy
AA/53	seoyun-doggy-cum
AA/54	seoyun-cowgirl
AA/55	seoyun-cowgirl-cum
AA/56	seoyun-spooning
AA/57	seoyun-spooning-cum
AA/58	seoyun-suspended
AA/59	seoyun-suspended-cum
AA/6	seoyun-flustered
AA/60	seoyun-mating-press
AA/61	seoyun-mating-press-cum
AA/62	seoyun-amazon
AA/63	seoyun-wall-doggy
AA/64	seoyun-footjob
AA/65	seoyun-footjob-cum
AA/66	seoyun-afterglow
AA/67	seoyun-bound-toy
AA/68	seoyun-pillow-talk
AA/69	seoyun-spanking
AA/7	seoyun-shy
AA/70	seoyun-facesitting
AA/71	seoyun-cock-stomp
AA/72	seoyun-rimjob
AA/73	seoyun-handjob
AA/74	seoyun-cock-compare
AA/75	seoyun-cock-measure
AA/76	seoyun-cock-injection
AA/77	seoyun-chastity
AA/78	seoyun-pegging
AA/79	seoyun-anal
AA/8	seoyun-question
AA/80	seoyun-anal-cum
AA/81	seoyun-hug-cum
AA/9	seoyun-anxious
AA/91	seoyun-ntr-doggy
AA/92	seoyun-ntr-cowgirl
AA/93	seoyun-ntr-fellatio
AB/1	daeun-smile
AB/10	daeun-annoyed
AB/11	daeun-angry
AB/12	daeun-contempt
AB/13	daeun-disgust
AB/14	daeun-submit
AB/15	daeun-languid
AB/16	daeun-confident
AB/17	daeun-affection
AB/18	daeun-heat
AB/19	daeun-aegyo
AB/2	daeun-laugh
AB/20	daeun-kiss
AB/21	daeun-deepkiss
AB/22	daeun-seduce
AB/23	daeun-pregnant
AB/24	daeun-full-pregnant
AB/25	daeun-wedding
AB/26	daeun-parenting
AB/3	daeun-admire
AB/31	daeun-armpit
AB/32	daeun-butt
AB/33	daeun-masturbate
AB/34	daeun-masturbate-climax
AB/35	daeun-breast-touch
AB/36	daeun-breast-suck
AB/37	daeun-fingering
AB/38	daeun-fingering-climax
AB/39	daeun-cunnilingus
AB/4	daeun-sad
AB/40	daeun-cunnilingus-climax
AB/41	daeun-smell-cock
AB/42	daeun-cock-kiss
AB/43	daeun-fellatio
AB/44	daeun-fellatio-intense
AB/45	daeun-fellatio-cum
AB/46	daeun-show-cum
AB/47	daeun-drink-cum
AB/48	daeun-paizuri
AB/49	daeun-paizuri-cum
AB/5	daeun-surprised
AB/50	daeun-missionary
AB/51	daeun-missionary-cum
AB/52	daeun-doggy
AB/53	daeun-doggy-cum
AB/54	daeun-cowgirl
AB/55	daeun-cowgirl-cum
AB/56	daeun-spooning
AB/57	daeun-spooning-cum
AB/58	daeun-suspended
AB/59	daeun-suspended-cum
AB/6	daeun-flustered
AB/60	daeun-mating-press
AB/61	daeun-mating-press-cum
AB/62	daeun-amazon
AB/63	daeun-wall-doggy
AB/64	daeun-footjob
AB/65	daeun-footjob-cum
AB/66	daeun-afterglow
AB/67	daeun-bound-toy
AB/68	daeun-pillow-talk
AB/69	daeun-spanking
AB/7	daeun-shy
AB/70	daeun-facesitting
AB/71	daeun-cock-stomp
AB/72	daeun-rimjob
AB/73	daeun-handjob
AB/74	daeun-cock-compare
AB/75	daeun-cock-measure
AB/76	daeun-cock-injection
AB/77	daeun-chastity
AB/78	daeun-pegging
AB/79	daeun-anal
AB/8	daeun-question
AB/80	daeun-anal-cum
AB/81	daeun-hug-cum
AB/9	daeun-anxious
AB/91	daeun-ntr-doggy
AB/92	daeun-ntr-cowgirl
AB/93	daeun-ntr-fellatio
AC/1	dohee-smile
AC/10	dohee-annoyed
AC/11	dohee-angry
AC/12	dohee-contempt
AC/13	dohee-disgust
AC/14	dohee-submit
AC/15	dohee-languid
AC/16	dohee-confident
AC/17	dohee-affection
AC/18	dohee-heat
AC/19	dohee-aegyo
AC/2	dohee-laugh
AC/20	dohee-kiss
AC/21	dohee-deepkiss
AC/22	dohee-seduce
AC/23	dohee-pregnant
AC/24	dohee-full-pregnant
AC/25	dohee-wedding
AC/26	dohee-parenting
AC/3	dohee-admire
AC/31	dohee-armpit
AC/32	dohee-butt
AC/33	dohee-masturbate
AC/34	dohee-masturbate-climax
AC/35	dohee-breast-touch
AC/36	dohee-breast-suck
AC/37	dohee-fingering
AC/38	dohee-fingering-climax
AC/39	dohee-cunnilingus
AC/4	dohee-sad
AC/40	dohee-cunnilingus-climax
AC/41	dohee-smell-cock
AC/42	dohee-cock-kiss
AC/43	dohee-fellatio
AC/44	dohee-fellatio-intense
AC/45	dohee-fellatio-cum
AC/46	dohee-show-cum
AC/47	dohee-drink-cum
AC/48	dohee-paizuri
AC/49	dohee-paizuri-cum
AC/5	dohee-surprised
AC/50	dohee-missionary
AC/51	dohee-missionary-cum
AC/52	dohee-doggy
AC/53	dohee-doggy-cum
AC/54	dohee-cowgirl
AC/55	dohee-cowgirl-cum
AC/56	dohee-spooning
AC/57	dohee-spooning-cum
AC/58	dohee-suspended
AC/59	dohee-suspended-cum
AC/6	dohee-flustered
AC/60	dohee-mating-press
AC/61	dohee-mating-press-cum
AC/62	dohee-amazon
AC/63	dohee-wall-doggy
AC/64	dohee-footjob
AC/65	dohee-footjob-cum
AC/66	dohee-afterglow
AC/67	dohee-bound-toy
AC/68	dohee-pillow-talk
AC/69	dohee-spanking
AC/7	dohee-shy
AC/70	dohee-facesitting
AC/71	dohee-cock-stomp
AC/72	dohee-rimjob
AC/73	dohee-handjob
AC/74	dohee-cock-compare
AC/75	dohee-cock-measure
AC/76	dohee-cock-injection
AC/77	dohee-chastity
AC/78	dohee-pegging
AC/79	dohee-anal
AC/8	dohee-question
AC/80	dohee-anal-cum
AC/81	dohee-hug-cum
AC/9	dohee-anxious
AC/91	dohee-ntr-doggy
AC/92	dohee-ntr-cowgirl
AC/93	dohee-ntr-fellatio
AD/1	jisoo-smile
AD/10	jisoo-annoyed
AD/11	jisoo-angry
AD/12	jisoo-contempt
AD/13	jisoo-disgust
AD/14	jisoo-submit
AD/15	jisoo-languid
AD/16	jisoo-confident
AD/17	jisoo-affection
AD/18	jisoo-heat
AD/19	jisoo-aegyo
AD/2	jisoo-laugh
AD/20	jisoo-kiss
AD/21	jisoo-deepkiss
AD/22	jisoo-seduce
AD/23	jisoo-pregnant
AD/24	jisoo-full-pregnant
AD/25	jisoo-wedding
AD/26	jisoo-parenting
AD/3	jisoo-admire
AD/31	jisoo-armpit
AD/32	jisoo-butt
AD/33	jisoo-masturbate
AD/34	jisoo-masturbate-climax
AD/35	jisoo-breast-touch
AD/36	jisoo-breast-suck
AD/37	jisoo-fingering
AD/38	jisoo-fingering-climax
AD/39	jisoo-cunnilingus
AD/4	jisoo-sad
AD/40	jisoo-cunnilingus-climax
AD/41	jisoo-smell-cock
AD/42	jisoo-cock-kiss
AD/43	jisoo-fellatio
AD/44	jisoo-fellatio-intense
AD/45	jisoo-fellatio-cum
AD/46	jisoo-show-cum
AD/47	jisoo-drink-cum
AD/48	jisoo-paizuri
AD/49	jisoo-paizuri-cum
AD/5	jisoo-surprised
AD/50	jisoo-missionary
AD/51	jisoo-missionary-cum
AD/52	jisoo-doggy
AD/53	jisoo-doggy-cum
AD/54	jisoo-cowgirl
AD/55	jisoo-cowgirl-cum
AD/56	jisoo-spooning
AD/57	jisoo-spooning-cum
AD/58	jisoo-suspended
AD/59	jisoo-suspended-cum
AD/6	jisoo-flustered
AD/60	jisoo-mating-press
AD/61	jisoo-mating-press-cum
AD/62	jisoo-amazon
AD/63	jisoo-wall-doggy
AD/64	jisoo-footjob
AD/65	jisoo-footjob-cum
AD/66	jisoo-afterglow
AD/67	jisoo-bound-toy
AD/68	jisoo-pillow-talk
AD/69	jisoo-spanking
AD/7	jisoo-shy
AD/70	jisoo-facesitting
AD/71	jisoo-cock-stomp
AD/72	jisoo-rimjob
AD/73	jisoo-handjob
AD/74	jisoo-cock-compare
AD/75	jisoo-cock-measure
AD/76	jisoo-cock-injection
AD/77	jisoo-chastity
AD/78	jisoo-pegging
AD/79	jisoo-anal
AD/8	jisoo-question
AD/80	jisoo-anal-cum
AD/81	jisoo-hug-cum
AD/9	jisoo-anxious
AD/91	jisoo-ntr-doggy
AD/92	jisoo-ntr-cowgirl
AD/93	jisoo-ntr-fellatio
AE/1	seolah-smile
AE/10	seolah-annoyed
AE/11	seolah-angry
AE/12	seolah-contempt
AE/13	seolah-disgust
AE/14	seolah-submit
AE/15	seolah-languid
AE/16	seolah-confident
AE/17	seolah-affection
AE/18	seolah-heat
AE/19	seolah-aegyo
AE/2	seolah-laugh
AE/20	seolah-kiss
AE/21	seolah-deepkiss
AE/22	seolah-seduce
AE/23	seolah-pregnant
AE/24	seolah-full-pregnant
AE/25	seolah-wedding
AE/26	seolah-parenting
AE/3	seolah-admire
AE/31	seolah-armpit
AE/32	seolah-butt
AE/33	seolah-masturbate
AE/34	seolah-masturbate-climax
AE/35	seolah-breast-touch
AE/36	seolah-breast-suck
AE/37	seolah-fingering
AE/38	seolah-fingering-climax
AE/39	seolah-cunnilingus
AE/4	seolah-sad
AE/40	seolah-cunnilingus-climax
AE/41	seolah-smell-cock
AE/42	seolah-cock-kiss
AE/43	seolah-fellatio
AE/44	seolah-fellatio-intense
AE/45	seolah-fellatio-cum
AE/46	seolah-show-cum
AE/47	seolah-drink-cum
AE/48	seolah-paizuri
AE/49	seolah-paizuri-cum
AE/5	seolah-surprised
AE/50	seolah-missionary
AE/51	seolah-missionary-cum
AE/52	seolah-doggy
AE/53	seolah-doggy-cum
AE/54	seolah-cowgirl
AE/55	seolah-cowgirl-cum
AE/56	seolah-spooning
AE/57	seolah-spooning-cum
AE/58	seolah-suspended
AE/59	seolah-suspended-cum
AE/6	seolah-flustered
AE/60	seolah-mating-press
AE/61	seolah-mating-press-cum
AE/62	seolah-amazon
AE/63	seolah-wall-doggy
AE/64	seolah-footjob
AE/65	seolah-footjob-cum
AE/66	seolah-afterglow
AE/67	seolah-bound-toy
AE/68	seolah-pillow-talk
AE/69	seolah-spanking
AE/7	seolah-shy
AE/70	seolah-facesitting
AE/71	seolah-cock-stomp
AE/72	seolah-rimjob
AE/73	seolah-handjob
AE/74	seolah-cock-compare
AE/75	seolah-cock-measure
AE/76	seolah-cock-injection
AE/77	seolah-chastity
AE/78	seolah-pegging
AE/79	seolah-anal
AE/8	seolah-question
AE/80	seolah-anal-cum
AE/81	seolah-hug-cum
AE/9	seolah-anxious
AE/91	seolah-ntr-doggy
AE/92	seolah-ntr-cowgirl
AE/93	seolah-ntr-fellatio
AF/1	yuna-smile
AF/10	yuna-annoyed
AF/11	yuna-angry
AF/12	yuna-contempt
AF/13	yuna-disgust
AF/14	yuna-submit
AF/15	yuna-languid
AF/16	yuna-confident
AF/17	yuna-affection
AF/18	yuna-heat
AF/19	yuna-aegyo
AF/2	yuna-laugh
AF/20	yuna-kiss
AF/21	yuna-deepkiss
AF/22	yuna-seduce
AF/23	yuna-pregnant
AF/24	yuna-full-pregnant
AF/25	yuna-wedding
AF/26	yuna-parenting
AF/3	yuna-admire
AF/31	yuna-armpit
AF/32	yuna-butt
AF/33	yuna-masturbate
AF/34	yuna-masturbate-climax
AF/35	yuna-breast-touch
AF/36	yuna-breast-suck
AF/37	yuna-fingering
AF/38	yuna-fingering-climax
AF/39	yuna-cunnilingus
AF/4	yuna-sad
AF/40	yuna-cunnilingus-climax
AF/41	yuna-smell-cock
AF/42	yuna-cock-kiss
AF/43	yuna-fellatio
AF/44	yuna-fellatio-intense
AF/45	yuna-fellatio-cum
AF/46	yuna-show-cum
AF/47	yuna-drink-cum
AF/48	yuna-paizuri
AF/49	yuna-paizuri-cum
AF/5	yuna-surprised
AF/50	yuna-missionary
AF/51	yuna-missionary-cum
AF/52	yuna-doggy
AF/53	yuna-doggy-cum
AF/54	yuna-cowgirl
AF/55	yuna-cowgirl-cum
AF/56	yuna-spooning
AF/57	yuna-spooning-cum
AF/58	yuna-suspended
AF/59	yuna-suspended-cum
AF/6	yuna-flustered
AF/60	yuna-mating-press
AF/61	yuna-mating-press-cum
AF/62	yuna-amazon
AF/63	yuna-wall-doggy
AF/64	yuna-footjob
AF/65	yuna-footjob-cum
AF/66	yuna-afterglow
AF/67	yuna-bound-toy
AF/68	yuna-pillow-talk
AF/69	yuna-spanking
AF/7	yuna-shy
AF/70	yuna-facesitting
AF/71	yuna-cock-stomp
AF/72	yuna-rimjob
AF/73	yuna-handjob
AF/74	yuna-cock-compare
AF/75	yuna-cock-measure
AF/76	yuna-cock-injection
AF/77	yuna-chastity
AF/78	yuna-pegging
AF/79	yuna-anal
AF/8	yuna-question
AF/80	yuna-anal-cum
AF/81	yuna-hug-cum
AF/9	yuna-anxious
AF/91	yuna-ntr-doggy
AF/92	yuna-ntr-cowgirl
AF/93	yuna-ntr-fellatio
AG/1	sia-smile
AG/10	sia-annoyed
AG/11	sia-angry
AG/12	sia-contempt
AG/13	sia-disgust
AG/14	sia-submit
AG/15	sia-languid
AG/16	sia-confident
AG/17	sia-affection
AG/18	sia-heat
AG/19	sia-aegyo
AG/2	sia-laugh
AG/20	sia-kiss
AG/21	sia-deepkiss
AG/22	sia-seduce
AG/23	sia-pregnant
AG/24	sia-full-pregnant
AG/25	sia-wedding
AG/26	sia-parenting
AG/3	sia-admire
AG/31	sia-armpit
AG/32	sia-butt
AG/33	sia-masturbate
AG/34	sia-masturbate-climax
AG/35	sia-breast-touch
AG/36	sia-breast-suck
AG/37	sia-fingering
AG/38	sia-fingering-climax
AG/39	sia-cunnilingus
AG/4	sia-sad
AG/40	sia-cunnilingus-climax
AG/41	sia-smell-cock
AG/42	sia-cock-kiss
AG/43	sia-fellatio
AG/44	sia-fellatio-intense
AG/45	sia-fellatio-cum
AG/46	sia-show-cum
AG/47	sia-drink-cum
AG/48	sia-paizuri
AG/49	sia-paizuri-cum
AG/5	sia-surprised
AG/50	sia-missionary
AG/51	sia-missionary-cum
AG/52	sia-doggy
AG/53	sia-doggy-cum
AG/54	sia-cowgirl
AG/55	sia-cowgirl-cum
AG/56	sia-spooning
AG/57	sia-spooning-cum
AG/58	sia-suspended
AG/59	sia-suspended-cum
AG/6	sia-flustered
AG/60	sia-mating-press
AG/61	sia-mating-press-cum
AG/62	sia-amazon
AG/63	sia-wall-doggy
AG/64	sia-footjob
AG/65	sia-footjob-cum
AG/66	sia-afterglow
AG/67	sia-bound-toy
AG/68	sia-pillow-talk
AG/69	sia-spanking
AG/7	sia-shy
AG/70	sia-facesitting
AG/71	sia-cock-stomp
AG/72	sia-rimjob
AG/73	sia-handjob
AG/74	sia-cock-compare
AG/75	sia-cock-measure
AG/76	sia-cock-injection
AG/77	sia-chastity
AG/78	sia-pegging
AG/79	sia-anal
AG/8	sia-question
AG/80	sia-anal-cum
AG/81	sia-hug-cum
AG/9	sia-anxious
AG/91	sia-ntr-doggy
AG/92	sia-ntr-cowgirl
AG/93	sia-ntr-fellatio
AH/1	hari-smile
AH/10	hari-annoyed
AH/11	hari-angry
AH/12	hari-contempt
AH/13	hari-disgust
AH/14	hari-submit
AH/15	hari-languid
AH/16	hari-confident
AH/17	hari-affection
AH/18	hari-heat
AH/19	hari-aegyo
AH/2	hari-laugh
AH/20	hari-kiss
AH/21	hari-deepkiss
AH/22	hari-seduce
AH/23	hari-pregnant
AH/24	hari-full-pregnant
AH/25	hari-wedding
AH/26	hari-parenting
AH/3	hari-admire
AH/31	hari-armpit
AH/32	hari-butt
AH/33	hari-masturbate
AH/34	hari-masturbate-climax
AH/35	hari-breast-touch
AH/36	hari-breast-suck
AH/37	hari-fingering
AH/38	hari-fingering-climax
AH/39	hari-cunnilingus
AH/4	hari-sad
AH/40	hari-cunnilingus-climax
AH/41	hari-smell-cock
AH/42	hari-cock-kiss
AH/43	hari-fellatio
AH/44	hari-fellatio-intense
AH/45	hari-fellatio-cum
AH/46	hari-show-cum
AH/47	hari-drink-cum
AH/48	hari-paizuri
AH/49	hari-paizuri-cum
AH/5	hari-surprised
AH/50	hari-missionary
AH/51	hari-missionary-cum
AH/52	hari-doggy
AH/53	hari-doggy-cum
AH/54	hari-cowgirl
AH/55	hari-cowgirl-cum
AH/56	hari-spooning
AH/57	hari-spooning-cum
AH/58	hari-suspended
AH/59	hari-suspended-cum
AH/6	hari-flustered
AH/60	hari-mating-press
AH/61	hari-mating-press-cum
AH/62	hari-amazon
AH/63	hari-wall-doggy
AH/64	hari-footjob
AH/65	hari-footjob-cum
AH/66	hari-afterglow
AH/67	hari-bound-toy
AH/68	hari-pillow-talk
AH/69	hari-spanking
AH/7	hari-shy
AH/70	hari-facesitting
AH/71	hari-cock-stomp
AH/72	hari-rimjob
AH/73	hari-handjob
AH/74	hari-cock-compare
AH/75	hari-cock-measure
AH/76	hari-cock-injection
AH/77	hari-chastity
AH/78	hari-pegging
AH/79	hari-anal
AH/8	hari-question
AH/80	hari-anal-cum
AH/81	hari-hug-cum
AH/9	hari-anxious
AH/91	hari-ntr-doggy
AH/92	hari-ntr-cowgirl
AH/93	hari-ntr-fellatio
AI/1	seryeong-smile
AI/10	seryeong-annoyed
AI/11	seryeong-angry
AI/12	seryeong-contempt
AI/13	seryeong-disgust
AI/14	seryeong-submit
AI/15	seryeong-languid
AI/16	seryeong-confident
AI/17	seryeong-affection
AI/18	seryeong-heat
AI/19	seryeong-aegyo
AI/2	seryeong-laugh
AI/20	seryeong-kiss
AI/21	seryeong-deepkiss
AI/22	seryeong-seduce
AI/23	seryeong-pregnant
AI/24	seryeong-full-pregnant
AI/25	seryeong-wedding
AI/26	seryeong-parenting
AI/3	seryeong-admire
AI/31	seryeong-armpit
AI/32	seryeong-butt
AI/33	seryeong-masturbate
AI/34	seryeong-masturbate-climax
AI/35	seryeong-breast-touch
AI/36	seryeong-breast-suck
AI/37	seryeong-fingering
AI/38	seryeong-fingering-climax
AI/39	seryeong-cunnilingus
AI/4	seryeong-sad
AI/40	seryeong-cunnilingus-climax
AI/41	seryeong-smell-cock
AI/42	seryeong-cock-kiss
AI/43	seryeong-fellatio
AI/44	seryeong-fellatio-intense
AI/45	seryeong-fellatio-cum
AI/46	seryeong-show-cum
AI/47	seryeong-drink-cum
AI/48	seryeong-paizuri
AI/49	seryeong-paizuri-cum
AI/5	seryeong-surprised
AI/50	seryeong-missionary
AI/51	seryeong-missionary-cum
AI/52	seryeong-doggy
AI/53	seryeong-doggy-cum
AI/54	seryeong-cowgirl
AI/55	seryeong-cowgirl-cum
AI/56	seryeong-spooning
AI/57	seryeong-spooning-cum
AI/58	seryeong-suspended
AI/59	seryeong-suspended-cum
AI/6	seryeong-flustered
AI/60	seryeong-mating-press
AI/61	seryeong-mating-press-cum
AI/62	seryeong-amazon
AI/63	seryeong-wall-doggy
AI/64	seryeong-footjob
AI/65	seryeong-footjob-cum
AI/66	seryeong-afterglow
AI/67	seryeong-bound-toy
AI/68	seryeong-pillow-talk
AI/69	seryeong-spanking
AI/7	seryeong-shy
AI/70	seryeong-facesitting
AI/71	seryeong-cock-stomp
AI/72	seryeong-rimjob
AI/73	seryeong-handjob
AI/74	seryeong-cock-compare
AI/75	seryeong-cock-measure
AI/76	seryeong-cock-injection
AI/77	seryeong-chastity
AI/78	seryeong-pegging
AI/79	seryeong-anal
AI/8	seryeong-question
AI/80	seryeong-anal-cum
AI/81	seryeong-hug-cum
AI/9	seryeong-anxious
AI/91	seryeong-ntr-doggy
AI/92	seryeong-ntr-cowgirl
AI/93	seryeong-ntr-fellatio
AJ/1	eunseo-smile
AJ/10	eunseo-annoyed
AJ/11	eunseo-angry
AJ/12	eunseo-contempt
AJ/13	eunseo-disgust
AJ/14	eunseo-submit
AJ/15	eunseo-languid
AJ/16	eunseo-confident
AJ/17	eunseo-affection
AJ/18	eunseo-heat
AJ/19	eunseo-aegyo
AJ/2	eunseo-laugh
AJ/20	eunseo-kiss
AJ/21	eunseo-deepkiss
AJ/22	eunseo-seduce
AJ/23	eunseo-pregnant
AJ/24	eunseo-full-pregnant
AJ/25	eunseo-wedding
AJ/26	eunseo-parenting
AJ/3	eunseo-admire
AJ/31	eunseo-armpit
AJ/32	eunseo-butt
AJ/33	eunseo-masturbate
AJ/34	eunseo-masturbate-climax
AJ/35	eunseo-breast-touch
AJ/36	eunseo-breast-suck
AJ/37	eunseo-fingering
AJ/38	eunseo-fingering-climax
AJ/39	eunseo-cunnilingus
AJ/4	eunseo-sad
AJ/40	eunseo-cunnilingus-climax
AJ/41	eunseo-smell-cock
AJ/42	eunseo-cock-kiss
AJ/43	eunseo-fellatio
AJ/44	eunseo-fellatio-intense
AJ/45	eunseo-fellatio-cum
AJ/46	eunseo-show-cum
AJ/47	eunseo-drink-cum
AJ/48	eunseo-paizuri
AJ/49	eunseo-paizuri-cum
AJ/5	eunseo-surprised
AJ/50	eunseo-missionary
AJ/51	eunseo-missionary-cum
AJ/52	eunseo-doggy
AJ/53	eunseo-doggy-cum
AJ/54	eunseo-cowgirl
AJ/55	eunseo-cowgirl-cum
AJ/56	eunseo-spooning
AJ/57	eunseo-spooning-cum
AJ/58	eunseo-suspended
AJ/59	eunseo-suspended-cum
AJ/6	eunseo-flustered
AJ/60	eunseo-mating-press
AJ/61	eunseo-mating-press-cum
AJ/62	eunseo-amazon
AJ/63	eunseo-wall-doggy
AJ/64	eunseo-footjob
AJ/65	eunseo-footjob-cum
AJ/66	eunseo-afterglow
AJ/67	eunseo-bound-toy
AJ/68	eunseo-pillow-talk
AJ/69	eunseo-spanking
AJ/7	eunseo-shy
AJ/70	eunseo-facesitting
AJ/71	eunseo-cock-stomp
AJ/72	eunseo-rimjob
AJ/73	eunseo-handjob
AJ/74	eunseo-cock-compare
AJ/75	eunseo-cock-measure
AJ/76	eunseo-cock-injection
AJ/77	eunseo-chastity
AJ/78	eunseo-pegging
AJ/79	eunseo-anal
AJ/8	eunseo-question
AJ/80	eunseo-anal-cum
AJ/81	eunseo-hug-cum
AJ/9	eunseo-anxious
AJ/91	eunseo-ntr-doggy
AJ/92	eunseo-ntr-cowgirl
AJ/93	eunseo-ntr-fellatio
AK/1	hana-smile
AK/10	hana-annoyed
AK/11	hana-angry
AK/12	hana-contempt
AK/13	hana-disgust
AK/14	hana-submit
AK/15	hana-languid
AK/16	hana-confident
AK/17	hana-affection
AK/18	hana-heat
AK/19	hana-aegyo
AK/2	hana-laugh
AK/20	hana-kiss
AK/21	hana-deepkiss
AK/22	hana-seduce
AK/23	hana-pregnant
AK/24	hana-full-pregnant
AK/25	hana-wedding
AK/26	hana-parenting
AK/3	hana-admire
AK/31	hana-armpit
AK/32	hana-butt
AK/33	hana-masturbate
AK/34	hana-masturbate-climax
AK/35	hana-breast-touch
AK/36	hana-breast-suck
AK/37	hana-fingering
AK/38	hana-fingering-climax
AK/39	hana-cunnilingus
AK/4	hana-sad
AK/40	hana-cunnilingus-climax
AK/41	hana-smell-cock
AK/42	hana-cock-kiss
AK/43	hana-fellatio
AK/44	hana-fellatio-intense
AK/45	hana-fellatio-cum
AK/46	hana-show-cum
AK/47	hana-drink-cum
AK/48	hana-paizuri
AK/49	hana-paizuri-cum
AK/5	hana-surprised
AK/50	hana-missionary
AK/51	hana-missionary-cum
AK/52	hana-doggy
AK/53	hana-doggy-cum
AK/54	hana-cowgirl
AK/55	hana-cowgirl-cum
AK/56	hana-spooning
AK/57	hana-spooning-cum
AK/58	hana-suspended
AK/59	hana-suspended-cum
AK/6	hana-flustered
AK/60	hana-mating-press
AK/61	hana-mating-press-cum
AK/62	hana-amazon
AK/63	hana-wall-doggy
AK/64	hana-footjob
AK/65	hana-footjob-cum
AK/66	hana-afterglow
AK/67	hana-bound-toy
AK/68	hana-pillow-talk
AK/69	hana-spanking
AK/7	hana-shy
AK/70	hana-facesitting
AK/71	hana-cock-stomp
AK/72	hana-rimjob
AK/73	hana-handjob
AK/74	hana-cock-compare
AK/75	hana-cock-measure
AK/76	hana-cock-injection
AK/77	hana-chastity
AK/78	hana-pegging
AK/79	hana-anal
AK/8	hana-question
AK/80	hana-anal-cum
AK/81	hana-hug-cum
AK/9	hana-anxious
AK/91	hana-ntr-doggy
AK/92	hana-ntr-cowgirl
AK/93	hana-ntr-fellatio
AL/1	bomi-smile
AL/10	bomi-annoyed
AL/11	bomi-angry
AL/12	bomi-contempt
AL/13	bomi-disgust
AL/14	bomi-submit
AL/15	bomi-languid
AL/16	bomi-confident
AL/17	bomi-affection
AL/18	bomi-heat
AL/19	bomi-aegyo
AL/2	bomi-laugh
AL/20	bomi-kiss
AL/21	bomi-deepkiss
AL/22	bomi-seduce
AL/23	bomi-pregnant
AL/24	bomi-full-pregnant
AL/25	bomi-wedding
AL/26	bomi-parenting
AL/3	bomi-admire
AL/31	bomi-armpit
AL/32	bomi-butt
AL/33	bomi-masturbate
AL/34	bomi-masturbate-climax
AL/35	bomi-breast-touch
AL/36	bomi-breast-suck
AL/37	bomi-fingering
AL/38	bomi-fingering-climax
AL/39	bomi-cunnilingus
AL/4	bomi-sad
AL/40	bomi-cunnilingus-climax
AL/41	bomi-smell-cock
AL/42	bomi-cock-kiss
AL/43	bomi-fellatio
AL/44	bomi-fellatio-intense
AL/45	bomi-fellatio-cum
AL/46	bomi-show-cum
AL/47	bomi-drink-cum
AL/48	bomi-paizuri
AL/49	bomi-paizuri-cum
AL/5	bomi-surprised
AL/50	bomi-missionary
AL/51	bomi-missionary-cum
AL/52	bomi-doggy
AL/53	bomi-doggy-cum
AL/54	bomi-cowgirl
AL/55	bomi-cowgirl-cum
AL/56	bomi-spooning
AL/57	bomi-spooning-cum
AL/58	bomi-suspended
AL/59	bomi-suspended-cum
AL/6	bomi-flustered
AL/60	bomi-mating-press
AL/61	bomi-mating-press-cum
AL/62	bomi-amazon
AL/63	bomi-wall-doggy
AL/64	bomi-footjob
AL/65	bomi-footjob-cum
AL/66	bomi-afterglow
AL/67	bomi-bound-toy
AL/68	bomi-pillow-talk
AL/69	bomi-spanking
AL/7	bomi-shy
AL/70	bomi-facesitting
AL/71	bomi-cock-stomp
AL/72	bomi-rimjob
AL/73	bomi-handjob
AL/74	bomi-cock-compare
AL/75	bomi-cock-measure
AL/76	bomi-cock-injection
AL/77	bomi-chastity
AL/78	bomi-pegging
AL/79	bomi-anal
AL/8	bomi-question
AL/80	bomi-anal-cum
AL/81	bomi-hug-cum
AL/9	bomi-anxious
AL/91	bomi-ntr-doggy
AL/92	bomi-ntr-cowgirl
AL/93	bomi-ntr-fellatio
AM/1	seori-smile
AM/10	seori-annoyed
AM/11	seori-angry
AM/12	seori-contempt
AM/13	seori-disgust
AM/14	seori-submit
AM/15	seori-languid
AM/16	seori-confident
AM/17	seori-affection
AM/18	seori-heat
AM/19	seori-aegyo
AM/2	seori-laugh
AM/20	seori-kiss
AM/21	seori-deepkiss
AM/22	seori-seduce
AM/23	seori-pregnant
AM/24	seori-full-pregnant
AM/25	seori-wedding
AM/26	seori-parenting
AM/3	seori-admire
AM/31	seori-armpit
AM/32	seori-butt
AM/33	seori-masturbate
AM/34	seori-masturbate-climax
AM/35	seori-breast-touch
AM/36	seori-breast-suck
AM/37	seori-fingering
AM/38	seori-fingering-climax
AM/39	seori-cunnilingus
AM/4	seori-sad
AM/40	seori-cunnilingus-climax
AM/41	seori-smell-cock
AM/42	seori-cock-kiss
AM/43	seori-fellatio
AM/44	seori-fellatio-intense
AM/45	seori-fellatio-cum
AM/46	seori-show-cum
AM/47	seori-drink-cum
AM/48	seori-paizuri
AM/49	seori-paizuri-cum
AM/5	seori-surprised
AM/50	seori-missionary
AM/51	seori-missionary-cum
AM/52	seori-doggy
AM/53	seori-doggy-cum
AM/54	seori-cowgirl
AM/55	seori-cowgirl-cum
AM/56	seori-spooning
AM/57	seori-spooning-cum
AM/58	seori-suspended
AM/59	seori-suspended-cum
AM/6	seori-flustered
AM/60	seori-mating-press
AM/61	seori-mating-press-cum
AM/62	seori-amazon
AM/63	seori-wall-doggy
AM/64	seori-footjob
AM/65	seori-footjob-cum
AM/66	seori-afterglow
AM/67	seori-bound-toy
AM/68	seori-pillow-talk
AM/69	seori-spanking
AM/7	seori-shy
AM/70	seori-facesitting
AM/71	seori-cock-stomp
AM/72	seori-rimjob
AM/73	seori-handjob
AM/74	seori-cock-compare
AM/75	seori-cock-measure
AM/76	seori-cock-injection
AM/77	seori-chastity
AM/78	seori-pegging
AM/79	seori-anal
AM/8	seori-question
AM/80	seori-anal-cum
AM/81	seori-hug-cum
AM/9	seori-anxious
AM/91	seori-ntr-doggy
AM/92	seori-ntr-cowgirl
AM/93	seori-ntr-fellatio
AN/1	yeonhwa-smile
AN/10	yeonhwa-annoyed
AN/11	yeonhwa-angry
AN/12	yeonhwa-contempt
AN/13	yeonhwa-disgust
AN/14	yeonhwa-submit
AN/15	yeonhwa-languid
AN/16	yeonhwa-confident
AN/17	yeonhwa-affection
AN/18	yeonhwa-heat
AN/19	yeonhwa-aegyo
AN/2	yeonhwa-laugh
AN/20	yeonhwa-kiss
AN/21	yeonhwa-deepkiss
AN/22	yeonhwa-seduce
AN/23	yeonhwa-pregnant
AN/24	yeonhwa-full-pregnant
AN/25	yeonhwa-wedding
AN/26	yeonhwa-parenting
AN/3	yeonhwa-admire
AN/31	yeonhwa-armpit
AN/32	yeonhwa-butt
AN/33	yeonhwa-masturbate
AN/34	yeonhwa-masturbate-climax
AN/35	yeonhwa-breast-touch
AN/36	yeonhwa-breast-suck
AN/37	yeonhwa-fingering
AN/38	yeonhwa-fingering-climax
AN/39	yeonhwa-cunnilingus
AN/4	yeonhwa-sad
AN/40	yeonhwa-cunnilingus-climax
AN/41	yeonhwa-smell-cock
AN/42	yeonhwa-cock-kiss
AN/43	yeonhwa-fellatio
AN/44	yeonhwa-fellatio-intense
AN/45	yeonhwa-fellatio-cum
AN/46	yeonhwa-show-cum
AN/47	yeonhwa-drink-cum
AN/48	yeonhwa-paizuri
AN/49	yeonhwa-paizuri-cum
AN/5	yeonhwa-surprised
AN/50	yeonhwa-missionary
AN/51	yeonhwa-missionary-cum
AN/52	yeonhwa-doggy
AN/53	yeonhwa-doggy-cum
AN/54	yeonhwa-cowgirl
AN/55	yeonhwa-cowgirl-cum
AN/56	yeonhwa-spooning
AN/57	yeonhwa-spooning-cum
AN/58	yeonhwa-suspended
AN/59	yeonhwa-suspended-cum
AN/6	yeonhwa-flustered
AN/60	yeonhwa-mating-press
AN/61	yeonhwa-mating-press-cum
AN/62	yeonhwa-amazon
AN/63	yeonhwa-wall-doggy
AN/64	yeonhwa-footjob
AN/65	yeonhwa-footjob-cum
AN/66	yeonhwa-afterglow
AN/67	yeonhwa-bound-toy
AN/68	yeonhwa-pillow-talk
AN/69	yeonhwa-spanking
AN/7	yeonhwa-shy
AN/70	yeonhwa-facesitting
AN/71	yeonhwa-cock-stomp
AN/72	yeonhwa-rimjob
AN/73	yeonhwa-handjob
AN/74	yeonhwa-cock-compare
AN/75	yeonhwa-cock-measure
AN/76	yeonhwa-cock-injection
AN/77	yeonhwa-chastity
AN/78	yeonhwa-pegging
AN/79	yeonhwa-anal
AN/8	yeonhwa-question
AN/80	yeonhwa-anal-cum
AN/81	yeonhwa-hug-cum
AN/9	yeonhwa-anxious
AN/91	yeonhwa-ntr-doggy
AN/92	yeonhwa-ntr-cowgirl
AN/93	yeonhwa-ntr-fellatio
AO/1	yura-smile
AO/10	yura-annoyed
AO/11	yura-angry
AO/12	yura-contempt
AO/13	yura-disgust
AO/14	yura-submit
AO/15	yura-languid
AO/16	yura-confident
AO/17	yura-affection
AO/18	yura-heat
AO/19	yura-aegyo
AO/2	yura-laugh
AO/20	yura-kiss
AO/21	yura-deepkiss
AO/22	yura-seduce
AO/23	yura-pregnant
AO/24	yura-full-pregnant
AO/25	yura-wedding
AO/26	yura-parenting
AO/3	yura-admire
AO/31	yura-armpit
AO/32	yura-butt
AO/33	yura-masturbate
AO/34	yura-masturbate-climax
AO/35	yura-breast-touch
AO/36	yura-breast-suck
AO/37	yura-fingering
AO/38	yura-fingering-climax
AO/39	yura-cunnilingus
AO/4	yura-sad
AO/40	yura-cunnilingus-climax
AO/41	yura-smell-cock
AO/42	yura-cock-kiss
AO/43	yura-fellatio
AO/44	yura-fellatio-intense
AO/45	yura-fellatio-cum
AO/46	yura-show-cum
AO/47	yura-drink-cum
AO/48	yura-paizuri
AO/49	yura-paizuri-cum
AO/5	yura-surprised
AO/50	yura-missionary
AO/51	yura-missionary-cum
AO/52	yura-doggy
AO/53	yura-doggy-cum
AO/54	yura-cowgirl
AO/55	yura-cowgirl-cum
AO/56	yura-spooning
AO/57	yura-spooning-cum
AO/58	yura-suspended
AO/59	yura-suspended-cum
AO/6	yura-flustered
AO/60	yura-mating-press
AO/61	yura-mating-press-cum
AO/62	yura-amazon
AO/63	yura-wall-doggy
AO/64	yura-footjob
AO/65	yura-footjob-cum
AO/66	yura-afterglow
AO/67	yura-bound-toy
AO/68	yura-pillow-talk
AO/69	yura-spanking
AO/7	yura-shy
AO/70	yura-facesitting
AO/71	yura-cock-stomp
AO/72	yura-rimjob
AO/73	yura-handjob
AO/74	yura-cock-compare
AO/75	yura-cock-measure
AO/76	yura-cock-injection
AO/77	yura-chastity
AO/78	yura-pegging
AO/79	yura-anal
AO/8	yura-question
AO/80	yura-anal-cum
AO/81	yura-hug-cum
AO/9	yura-anxious
AO/91	yura-ntr-doggy
AO/92	yura-ntr-cowgirl
AO/93	yura-ntr-fellatio
AP/1	sea-smile
AP/10	sea-annoyed
AP/11	sea-angry
AP/12	sea-contempt
AP/13	sea-disgust
AP/14	sea-submit
AP/15	sea-languid
AP/16	sea-confident
AP/17	sea-affection
AP/18	sea-heat
AP/19	sea-aegyo
AP/2	sea-laugh
AP/20	sea-kiss
AP/21	sea-deepkiss
AP/22	sea-seduce
AP/23	sea-pregnant
AP/24	sea-full-pregnant
AP/25	sea-wedding
AP/26	sea-parenting
AP/3	sea-admire
AP/31	sea-armpit
AP/32	sea-butt
AP/33	sea-masturbate
AP/34	sea-masturbate-climax
AP/35	sea-breast-touch
AP/36	sea-breast-suck
AP/37	sea-fingering
AP/38	sea-fingering-climax
AP/39	sea-cunnilingus
AP/4	sea-sad
AP/40	sea-cunnilingus-climax
AP/41	sea-smell-cock
AP/42	sea-cock-kiss
AP/43	sea-fellatio
AP/44	sea-fellatio-intense
AP/45	sea-fellatio-cum
AP/46	sea-show-cum
AP/47	sea-drink-cum
AP/48	sea-paizuri
AP/49	sea-paizuri-cum
AP/5	sea-surprised
AP/50	sea-missionary
AP/51	sea-missionary-cum
AP/52	sea-doggy
AP/53	sea-doggy-cum
AP/54	sea-cowgirl
AP/55	sea-cowgirl-cum
AP/56	sea-spooning
AP/57	sea-spooning-cum
AP/58	sea-suspended
AP/59	sea-suspended-cum
AP/6	sea-flustered
AP/60	sea-mating-press
AP/61	sea-mating-press-cum
AP/62	sea-amazon
AP/63	sea-wall-doggy
AP/64	sea-footjob
AP/65	sea-footjob-cum
AP/66	sea-afterglow
AP/67	sea-bound-toy
AP/68	sea-pillow-talk
AP/69	sea-spanking
AP/7	sea-shy
AP/70	sea-facesitting
AP/71	sea-cock-stomp
AP/72	sea-rimjob
AP/73	sea-handjob
AP/74	sea-cock-compare
AP/75	sea-cock-measure
AP/76	sea-cock-injection
AP/77	sea-chastity
AP/78	sea-pegging
AP/79	sea-anal
AP/8	sea-question
AP/80	sea-anal-cum
AP/81	sea-hug-cum
AP/9	sea-anxious
AP/91	sea-ntr-doggy
AP/92	sea-ntr-cowgirl
AP/93	sea-ntr-fellatio
AQ/1	yejin-smile
AQ/10	yejin-annoyed
AQ/11	yejin-angry
AQ/12	yejin-contempt
AQ/13	yejin-disgust
AQ/14	yejin-submit
AQ/15	yejin-languid
AQ/16	yejin-confident
AQ/17	yejin-affection
AQ/18	yejin-heat
AQ/19	yejin-aegyo
AQ/2	yejin-laugh
AQ/20	yejin-kiss
AQ/21	yejin-deepkiss
AQ/22	yejin-seduce
AQ/23	yejin-pregnant
AQ/24	yejin-full-pregnant
AQ/25	yejin-wedding
AQ/26	yejin-parenting
AQ/3	yejin-admire
AQ/31	yejin-armpit
AQ/32	yejin-butt
AQ/33	yejin-masturbate
AQ/34	yejin-masturbate-climax
AQ/35	yejin-breast-touch
AQ/36	yejin-breast-suck
AQ/37	yejin-fingering
AQ/38	yejin-fingering-climax
AQ/39	yejin-cunnilingus
AQ/4	yejin-sad
AQ/40	yejin-cunnilingus-climax
AQ/41	yejin-smell-cock
AQ/42	yejin-cock-kiss
AQ/43	yejin-fellatio
AQ/44	yejin-fellatio-intense
AQ/45	yejin-fellatio-cum
AQ/46	yejin-show-cum
AQ/47	yejin-drink-cum
AQ/48	yejin-paizuri
AQ/49	yejin-paizuri-cum
AQ/5	yejin-surprised
AQ/50	yejin-missionary
AQ/51	yejin-missionary-cum
AQ/52	yejin-doggy
AQ/53	yejin-doggy-cum
AQ/54	yejin-cowgirl
AQ/55	yejin-cowgirl-cum
AQ/56	yejin-spooning
AQ/57	yejin-spooning-cum
AQ/58	yejin-suspended
AQ/59	yejin-suspended-cum
AQ/6	yejin-flustered
AQ/60	yejin-mating-press
AQ/61	yejin-mating-press-cum
AQ/62	yejin-amazon
AQ/63	yejin-wall-doggy
AQ/64	yejin-footjob
AQ/65	yejin-footjob-cum
AQ/66	yejin-afterglow
AQ/67	yejin-bound-toy
AQ/68	yejin-pillow-talk
AQ/69	yejin-spanking
AQ/7	yejin-shy
AQ/70	yejin-facesitting
AQ/71	yejin-cock-stomp
AQ/72	yejin-rimjob
AQ/73	yejin-handjob
AQ/74	yejin-cock-compare
AQ/75	yejin-cock-measure
AQ/76	yejin-cock-injection
AQ/77	yejin-chastity
AQ/78	yejin-pegging
AQ/79	yejin-anal
AQ/8	yejin-question
AQ/80	yejin-anal-cum
AQ/81	yejin-hug-cum
AQ/9	yejin-anxious
AQ/91	yejin-ntr-doggy
AQ/92	yejin-ntr-cowgirl
AQ/93	yejin-ntr-fellatio
AR/1	eunhye-smile
AR/10	eunhye-annoyed
AR/11	eunhye-angry
AR/12	eunhye-contempt
AR/13	eunhye-disgust
AR/14	eunhye-submit
AR/15	eunhye-languid
AR/16	eunhye-confident
AR/17	eunhye-affection
AR/18	eunhye-heat
AR/19	eunhye-aegyo
AR/2	eunhye-laugh
AR/20	eunhye-kiss
AR/21	eunhye-deepkiss
AR/22	eunhye-seduce
AR/23	eunhye-pregnant
AR/24	eunhye-full-pregnant
AR/25	eunhye-wedding
AR/26	eunhye-parenting
AR/3	eunhye-admire
AR/31	eunhye-armpit
AR/32	eunhye-butt
AR/33	eunhye-masturbate
AR/34	eunhye-masturbate-climax
AR/35	eunhye-breast-touch
AR/36	eunhye-breast-suck
AR/37	eunhye-fingering
AR/38	eunhye-fingering-climax
AR/39	eunhye-cunnilingus
AR/4	eunhye-sad
AR/40	eunhye-cunnilingus-climax
AR/41	eunhye-smell-cock
AR/42	eunhye-cock-kiss
AR/43	eunhye-fellatio
AR/44	eunhye-fellatio-intense
AR/45	eunhye-fellatio-cum
AR/46	eunhye-show-cum
AR/47	eunhye-drink-cum
AR/48	eunhye-paizuri
AR/49	eunhye-paizuri-cum
AR/5	eunhye-surprised
AR/50	eunhye-missionary
AR/51	eunhye-missionary-cum
AR/52	eunhye-doggy
AR/53	eunhye-doggy-cum
AR/54	eunhye-cowgirl
AR/55	eunhye-cowgirl-cum
AR/56	eunhye-spooning
AR/57	eunhye-spooning-cum
AR/58	eunhye-suspended
AR/59	eunhye-suspended-cum
AR/6	eunhye-flustered
AR/60	eunhye-mating-press
AR/61	eunhye-mating-press-cum
AR/62	eunhye-amazon
AR/63	eunhye-wall-doggy
AR/64	eunhye-footjob
AR/65	eunhye-footjob-cum
AR/66	eunhye-afterglow
AR/67	eunhye-bound-toy
AR/68	eunhye-pillow-talk
AR/69	eunhye-spanking
AR/7	eunhye-shy
AR/70	eunhye-facesitting
AR/71	eunhye-cock-stomp
AR/72	eunhye-rimjob
AR/73	eunhye-handjob
AR/74	eunhye-cock-compare
AR/75	eunhye-cock-measure
AR/76	eunhye-cock-injection
AR/77	eunhye-chastity
AR/78	eunhye-pegging
AR/79	eunhye-anal
AR/8	eunhye-question
AR/80	eunhye-anal-cum
AR/81	eunhye-hug-cum
AR/9	eunhye-anxious
AR/91	eunhye-ntr-doggy
AR/92	eunhye-ntr-cowgirl
AR/93	eunhye-ntr-fellatio
AS/1	jiahn-smile
AS/10	jiahn-annoyed
AS/11	jiahn-angry
AS/12	jiahn-contempt
AS/13	jiahn-disgust
AS/14	jiahn-submit
AS/15	jiahn-languid
AS/16	jiahn-confident
AS/17	jiahn-affection
AS/18	jiahn-heat
AS/19	jiahn-aegyo
AS/2	jiahn-laugh
AS/20	jiahn-kiss
AS/21	jiahn-deepkiss
AS/22	jiahn-seduce
AS/23	jiahn-pregnant
AS/24	jiahn-full-pregnant
AS/25	jiahn-wedding
AS/26	jiahn-parenting
AS/3	jiahn-admire
AS/31	jiahn-armpit
AS/32	jiahn-butt
AS/33	jiahn-masturbate
AS/34	jiahn-masturbate-climax
AS/35	jiahn-breast-touch
AS/36	jiahn-breast-suck
AS/37	jiahn-fingering
AS/38	jiahn-fingering-climax
AS/39	jiahn-cunnilingus
AS/4	jiahn-sad
AS/40	jiahn-cunnilingus-climax
AS/41	jiahn-smell-cock
AS/42	jiahn-cock-kiss
AS/43	jiahn-fellatio
AS/44	jiahn-fellatio-intense
AS/45	jiahn-fellatio-cum
AS/46	jiahn-show-cum
AS/47	jiahn-drink-cum
AS/48	jiahn-paizuri
AS/49	jiahn-paizuri-cum
AS/5	jiahn-surprised
AS/50	jiahn-missionary
AS/51	jiahn-missionary-cum
AS/52	jiahn-doggy
AS/53	jiahn-doggy-cum
AS/54	jiahn-cowgirl
AS/55	jiahn-cowgirl-cum
AS/56	jiahn-spooning
AS/57	jiahn-spooning-cum
AS/58	jiahn-suspended
AS/59	jiahn-suspended-cum
AS/6	jiahn-flustered
AS/60	jiahn-mating-press
AS/61	jiahn-mating-press-cum
AS/62	jiahn-amazon
AS/63	jiahn-wall-doggy
AS/64	jiahn-footjob
AS/65	jiahn-footjob-cum
AS/66	jiahn-afterglow
AS/67	jiahn-bound-toy
AS/68	jiahn-pillow-talk
AS/69	jiahn-spanking
AS/7	jiahn-shy
AS/70	jiahn-facesitting
AS/71	jiahn-cock-stomp
AS/72	jiahn-rimjob
AS/73	jiahn-handjob
AS/74	jiahn-cock-compare
AS/75	jiahn-cock-measure
AS/76	jiahn-cock-injection
AS/77	jiahn-chastity
AS/78	jiahn-pegging
AS/79	jiahn-anal
AS/8	jiahn-question
AS/80	jiahn-anal-cum
AS/81	jiahn-hug-cum
AS/9	jiahn-anxious
AS/91	jiahn-ntr-doggy
AS/92	jiahn-ntr-cowgirl
AS/93	jiahn-ntr-fellatio
AT/1	yena-smile
AT/10	yena-annoyed
AT/11	yena-angry
AT/12	yena-contempt
AT/13	yena-disgust
AT/14	yena-submit
AT/15	yena-languid
AT/16	yena-confident
AT/17	yena-affection
AT/18	yena-heat
AT/19	yena-aegyo
AT/2	yena-laugh
AT/20	yena-kiss
AT/21	yena-deepkiss
AT/22	yena-seduce
AT/23	yena-pregnant
AT/24	yena-full-pregnant
AT/25	yena-wedding
AT/26	yena-parenting
AT/3	yena-admire
AT/31	yena-armpit
AT/32	yena-butt
AT/33	yena-masturbate
AT/34	yena-masturbate-climax
AT/35	yena-breast-touch
AT/36	yena-breast-suck
AT/37	yena-fingering
AT/38	yena-fingering-climax
AT/39	yena-cunnilingus
AT/4	yena-sad
AT/40	yena-cunnilingus-climax
AT/41	yena-smell-cock
AT/42	yena-cock-kiss
AT/43	yena-fellatio
AT/44	yena-fellatio-intense
AT/45	yena-fellatio-cum
AT/46	yena-show-cum
AT/47	yena-drink-cum
AT/48	yena-paizuri
AT/49	yena-paizuri-cum
AT/5	yena-surprised
AT/50	yena-missionary
AT/51	yena-missionary-cum
AT/52	yena-doggy
AT/53	yena-doggy-cum
AT/54	yena-cowgirl
AT/55	yena-cowgirl-cum
AT/56	yena-spooning
AT/57	yena-spooning-cum
AT/58	yena-suspended
AT/59	yena-suspended-cum
AT/6	yena-flustered
AT/60	yena-mating-press
AT/61	yena-mating-press-cum
AT/62	yena-amazon
AT/63	yena-wall-doggy
AT/64	yena-footjob
AT/65	yena-footjob-cum
AT/66	yena-afterglow
AT/67	yena-bound-toy
AT/68	yena-pillow-talk
AT/69	yena-spanking
AT/7	yena-shy
AT/70	yena-facesitting
AT/71	yena-cock-stomp
AT/72	yena-rimjob
AT/73	yena-handjob
AT/74	yena-cock-compare
AT/75	yena-cock-measure
AT/76	yena-cock-injection
AT/77	yena-chastity
AT/78	yena-pegging
AT/79	yena-anal
AT/8	yena-question
AT/80	yena-anal-cum
AT/81	yena-hug-cum
AT/9	yena-anxious
AT/91	yena-ntr-doggy
AT/92	yena-ntr-cowgirl
AT/93	yena-ntr-fellatio
AU/1	eunji-smile
AU/10	eunji-annoyed
AU/11	eunji-angry
AU/12	eunji-contempt
AU/13	eunji-disgust
AU/14	eunji-submit
AU/15	eunji-languid
AU/16	eunji-confident
AU/17	eunji-affection
AU/18	eunji-heat
AU/19	eunji-aegyo
AU/2	eunji-laugh
AU/20	eunji-kiss
AU/21	eunji-deepkiss
AU/22	eunji-seduce
AU/23	eunji-pregnant
AU/24	eunji-full-pregnant
AU/25	eunji-wedding
AU/26	eunji-parenting
AU/3	eunji-admire
AU/31	eunji-armpit
AU/32	eunji-butt
AU/33	eunji-masturbate
AU/34	eunji-masturbate-climax
AU/35	eunji-breast-touch
AU/36	eunji-breast-suck
AU/37	eunji-fingering
AU/38	eunji-fingering-climax
AU/39	eunji-cunnilingus
AU/4	eunji-sad
AU/40	eunji-cunnilingus-climax
AU/41	eunji-smell-cock
AU/42	eunji-cock-kiss
AU/43	eunji-fellatio
AU/44	eunji-fellatio-intense
AU/45	eunji-fellatio-cum
AU/46	eunji-show-cum
AU/47	eunji-drink-cum
AU/48	eunji-paizuri
AU/49	eunji-paizuri-cum
AU/5	eunji-surprised
AU/50	eunji-missionary
AU/51	eunji-missionary-cum
AU/52	eunji-doggy
AU/53	eunji-doggy-cum
AU/54	eunji-cowgirl
AU/55	eunji-cowgirl-cum
AU/56	eunji-spooning
AU/57	eunji-spooning-cum
AU/58	eunji-suspended
AU/59	eunji-suspended-cum
AU/6	eunji-flustered
AU/60	eunji-mating-press
AU/61	eunji-mating-press-cum
AU/62	eunji-amazon
AU/63	eunji-wall-doggy
AU/64	eunji-footjob
AU/65	eunji-footjob-cum
AU/66	eunji-afterglow
AU/67	eunji-bound-toy
AU/68	eunji-pillow-talk
AU/69	eunji-spanking
AU/7	eunji-shy
AU/70	eunji-facesitting
AU/71	eunji-cock-stomp
AU/72	eunji-rimjob
AU/73	eunji-handjob
AU/74	eunji-cock-compare
AU/75	eunji-cock-measure
AU/76	eunji-cock-injection
AU/77	eunji-chastity
AU/78	eunji-pegging
AU/79	eunji-anal
AU/8	eunji-question
AU/80	eunji-anal-cum
AU/81	eunji-hug-cum
AU/9	eunji-anxious
AU/91	eunji-ntr-doggy
AU/92	eunji-ntr-cowgirl
AU/93	eunji-ntr-fellatio
AV/1	yeojin-smile
AV/10	yeojin-annoyed
AV/11	yeojin-angry
AV/12	yeojin-contempt
AV/13	yeojin-disgust
AV/14	yeojin-submit
AV/15	yeojin-languid
AV/16	yeojin-confident
AV/17	yeojin-affection
AV/18	yeojin-heat
AV/19	yeojin-aegyo
AV/2	yeojin-laugh
AV/20	yeojin-kiss
AV/21	yeojin-deepkiss
AV/22	yeojin-seduce
AV/23	yeojin-pregnant
AV/24	yeojin-full-pregnant
AV/25	yeojin-wedding
AV/26	yeojin-parenting
AV/3	yeojin-admire
AV/31	yeojin-armpit
AV/32	yeojin-butt
AV/33	yeojin-masturbate
AV/34	yeojin-masturbate-climax
AV/35	yeojin-breast-touch
AV/36	yeojin-breast-suck
AV/37	yeojin-fingering
AV/38	yeojin-fingering-climax
AV/39	yeojin-cunnilingus
AV/4	yeojin-sad
AV/40	yeojin-cunnilingus-climax
AV/41	yeojin-smell-cock
AV/42	yeojin-cock-kiss
AV/43	yeojin-fellatio
AV/44	yeojin-fellatio-intense
AV/45	yeojin-fellatio-cum
AV/46	yeojin-show-cum
AV/47	yeojin-drink-cum
AV/48	yeojin-paizuri
AV/49	yeojin-paizuri-cum
AV/5	yeojin-surprised
AV/50	yeojin-missionary
AV/51	yeojin-missionary-cum
AV/52	yeojin-doggy
AV/53	yeojin-doggy-cum
AV/54	yeojin-cowgirl
AV/55	yeojin-cowgirl-cum
AV/56	yeojin-spooning
AV/57	yeojin-spooning-cum
AV/58	yeojin-suspended
AV/59	yeojin-suspended-cum
AV/6	yeojin-flustered
AV/60	yeojin-mating-press
AV/61	yeojin-mating-press-cum
AV/62	yeojin-amazon
AV/63	yeojin-wall-doggy
AV/64	yeojin-footjob
AV/65	yeojin-footjob-cum
AV/66	yeojin-afterglow
AV/67	yeojin-bound-toy
AV/68	yeojin-pillow-talk
AV/69	yeojin-spanking
AV/7	yeojin-shy
AV/70	yeojin-facesitting
AV/71	yeojin-cock-stomp
AV/72	yeojin-rimjob
AV/73	yeojin-handjob
AV/74	yeojin-cock-compare
AV/75	yeojin-cock-measure
AV/76	yeojin-cock-injection
AV/77	yeojin-chastity
AV/78	yeojin-pegging
AV/79	yeojin-anal
AV/8	yeojin-question
AV/80	yeojin-anal-cum
AV/81	yeojin-hug-cum
AV/9	yeojin-anxious
AV/91	yeojin-ntr-doggy
AV/92	yeojin-ntr-cowgirl
AV/93	yeojin-ntr-fellatio
AW/1	yoona-smile
AW/10	yoona-annoyed
AW/11	yoona-angry
AW/12	yoona-contempt
AW/13	yoona-disgust
AW/14	yoona-submit
AW/15	yoona-languid
AW/16	yoona-confident
AW/17	yoona-affection
AW/18	yoona-heat
AW/19	yoona-aegyo
AW/2	yoona-laugh
AW/20	yoona-kiss
AW/21	yoona-deepkiss
AW/22	yoona-seduce
AW/23	yoona-pregnant
AW/24	yoona-full-pregnant
AW/25	yoona-wedding
AW/26	yoona-parenting
AW/3	yoona-admire
AW/31	yoona-armpit
AW/32	yoona-butt
AW/33	yoona-masturbate
AW/34	yoona-masturbate-climax
AW/35	yoona-breast-touch
AW/36	yoona-breast-suck
AW/37	yoona-fingering
AW/38	yoona-fingering-climax
AW/39	yoona-cunnilingus
AW/4	yoona-sad
AW/40	yoona-cunnilingus-climax
AW/41	yoona-smell-cock
AW/42	yoona-cock-kiss
AW/43	yoona-fellatio
AW/44	yoona-fellatio-intense
AW/45	yoona-fellatio-cum
AW/46	yoona-show-cum
AW/47	yoona-drink-cum
AW/48	yoona-paizuri
AW/49	yoona-paizuri-cum
AW/5	yoona-surprised
AW/50	yoona-missionary
AW/51	yoona-missionary-cum
AW/52	yoona-doggy
AW/53	yoona-doggy-cum
AW/54	yoona-cowgirl
AW/55	yoona-cowgirl-cum
AW/56	yoona-spooning
AW/57	yoona-spooning-cum
AW/58	yoona-suspended
AW/59	yoona-suspended-cum
AW/6	yoona-flustered
AW/60	yoona-mating-press
AW/61	yoona-mating-press-cum
AW/62	yoona-amazon
AW/63	yoona-wall-doggy
AW/64	yoona-footjob
AW/65	yoona-footjob-cum
AW/66	yoona-afterglow
AW/67	yoona-bound-toy
AW/68	yoona-pillow-talk
AW/69	yoona-spanking
AW/7	yoona-shy
AW/70	yoona-facesitting
AW/71	yoona-cock-stomp
AW/72	yoona-rimjob
AW/73	yoona-handjob
AW/74	yoona-cock-compare
AW/75	yoona-cock-measure
AW/76	yoona-cock-injection
AW/77	yoona-chastity
AW/78	yoona-pegging
AW/79	yoona-anal
AW/8	yoona-question
AW/80	yoona-anal-cum
AW/81	yoona-hug-cum
AW/9	yoona-anxious
AW/91	yoona-ntr-doggy
AW/92	yoona-ntr-cowgirl
AW/93	yoona-ntr-fellatio
