M/101	cowgirl-pre-cowbikini	227323
M/102	cowgirl-soft-cowbikini	235602
M/103	cowgirl-hard-cowbikini	216173
M/104	cowgirl-cum-cowbikini	243520
M/105	missionary-pre-cowbikini	252067
M/106	missionary-soft-cowbikini	242824
M/107	missionary-hard-cowbikini	263268
M/108	missionary-cum-cowbikini	271926
M/109	doggy-pre-cowbikini	218782
M/110	doggy-soft-cowbikini	242920
M/111	doggy-hard-cowbikini	304916
M/112	doggy-cum-cowbikini	263662
M/113	anal-pre-cowbikini	239986
M/114	anal-soft-cowbikini	270434
M/115	anal-hard-cowbikini	252238
M/116	anal-cum-cowbikini	296417
M/117	spooning-pre-cowbikini	236442
M/118	spooning-soft-cowbikini	287407
M/119	spooning-hard-cowbikini	305632
M/120	spooning-cum-cowbikini	288246
M/121	mating-press-pre-cowbikini	215958
M/122	mating-press-soft-cowbikini	252027
M/123	mating-press-hard-cowbikini	221621
M/124	mating-press-cum-cowbikini	240178
M/125	amazon-pre-cowbikini	291468
M/126	amazon-soft-cowbikini	241300
M/127	amazon-hard-cowbikini	273551
M/128	amazon-cum-cowbikini	249783
M/129	suspended-pre-cowbikini	258055
M/130	suspended-soft-cowbikini	281817
M/131	suspended-hard-cowbikini	283692
M/132	suspended-cum-cowbikini	270181
M/133	full-nelson-pre-cowbikini	275383
M/134	full-nelson-soft-cowbikini	252849
M/135	full-nelson-hard-cowbikini	251265
M/136	full-nelson-cum-cowbikini	255952
M/137	lotus-pre-cowbikini	252064
M/138	lotus-soft-cowbikini	269567
M/139	lotus-hard-cowbikini	269814
M/140	lotus-cum-cowbikini	265185
M/141	seated-pre-cowbikini	236654
M/142	seated-soft-cowbikini	297702
M/143	seated-hard-cowbikini	243502
M/144	seated-cum-cowbikini	280914
M/145	sex-kiss-cowbikini	265460
M/146	deepkiss-cowbikini	271823
M/147	sex-breast-lick-cowbikini	262582
M/148	sex-breast-grope-cowbikini	240880
M/149	sex-breast-bury-cowbikini	254691
M/150	armpit-show-cowbikini	247968
M/151	armpit-lick-cowbikini	277139
M/152	feet-show-cowbikini	284485
M/153	feet-lick-cowbikini	251099
M/154	facesit-pre-cowbikini	231705
M/155	facesit-cowbikini	229352
M/156	spanking-cowbikini	260512
M/157	fingering-cowbikini	234282
M/158	fingering-climax-cowbikini	264357
M/159	cunnilingus-cowbikini	255175
M/160	cunnilingus-climax-cowbikini	289065
M/161	masturbate-soft-cowbikini	236973
M/162	masturbate-hard-cowbikini	262000
M/163	masturbate-climax-cowbikini	290830
M/164	rimjob-cowbikini	248259
M/165	rimjob-cum-cowbikini	250579
M/166	milk-handjob-cowbikini	246440
M/167	milk-handjob-cum-cowbikini	261625
M/168	handjob-cowbikini	270071
M/169	handjob-cum-cowbikini	302357
M/170	footjob-cowbikini	261638
M/171	footjob-cum-cowbikini	277640
M/172	sixtynine-cowbikini	263245
M/173	sixtynine-cum-cowbikini	235587
M/174	paizuri-fellatio-pre-cowbikini	232034
M/175	paizuri-fellatio-hard-cowbikini	276520
M/176	paizuri-fellatio-cum-cowbikini	260755
M/177	paizuri-pre-cowbikini	232306
M/178	paizuri-soft-cowbikini	243719
M/179	paizuri-hard-cowbikini	223587
M/180	paizuri-cum-cowbikini	248522
M/181	paizuri-after-cowbikini	239070
M/182	breast-show-cum-cowbikini	265981
M/183	cock-kiss-cowbikini	252871
M/184	fellatio-pre-cowbikini	245125
M/185	fellatio-soft-cowbikini	251529
M/186	fellatio-hard-cowbikini	224587
M/187	fellatio-cum-cowbikini	279990
M/188	fellatio-after-cowbikini	222550
M/189	mouth-cum-show-cowbikini	243170
M/190	cum-hold-cowbikini	263302
M/191	cum-swallow-cowbikini	219804
W/101	cowgirl-pre-clothed	163180
W/102	cowgirl-soft-clothed	205978
W/103	cowgirl-hard-clothed	250578
W/104	cowgirl-cum-clothed	231492
W/105	missionary-pre-clothed	218416
W/106	missionary-soft-clothed	236056
W/107	missionary-hard-clothed	238481
W/108	missionary-cum-clothed	262928
W/109	doggy-pre-clothed	214434
W/110	doggy-soft-clothed	216721
W/111	doggy-hard-clothed	289558
W/112	doggy-cum-clothed	266002
W/113	anal-pre-clothed	209451
W/114	anal-soft-clothed	245801
W/115	anal-hard-clothed	239666
W/116	anal-cum-clothed	241865
W/117	spooning-pre-clothed	227301
W/118	spooning-soft-clothed	263698
W/119	spooning-hard-clothed	267536
W/120	spooning-cum-clothed	261440
W/121	mating-press-pre-clothed	192358
W/122	mating-press-soft-clothed	234150
W/123	mating-press-hard-clothed	206470
W/124	mating-press-cum-clothed	232345
W/125	amazon-pre-clothed	232445
W/126	amazon-soft-clothed	252145
W/127	amazon-hard-clothed	237723
W/128	amazon-cum-clothed	262919
W/129	suspended-pre-clothed	258822
W/130	suspended-soft-clothed	262105
W/131	suspended-hard-clothed	243266
W/132	suspended-cum-clothed	238967
W/133	full-nelson-pre-clothed	230865
W/134	full-nelson-soft-clothed	231481
W/135	full-nelson-hard-clothed	250564
W/136	full-nelson-cum-clothed	238178
W/137	lotus-pre-clothed	201069
W/138	lotus-soft-clothed	241753
W/139	lotus-hard-clothed	248285
W/140	lotus-cum-clothed	287513
W/141	seated-pre-clothed	207935
W/142	seated-soft-clothed	239855
W/143	seated-hard-clothed	239243
W/144	seated-cum-clothed	229171
W/145	sex-kiss-clothed	253506
W/146	deepkiss-clothed	238581
W/147	sex-breast-lick-clothed	245275
W/148	sex-breast-grope-clothed	187870
W/149	sex-breast-bury-clothed	209670
W/150	armpit-show-clothed	203513
W/151	armpit-lick-clothed	219794
W/152	feet-show-clothed	250884
W/153	feet-lick-clothed	203567
W/154	facesit-pre-clothed	224740
W/155	facesit-clothed	184558
W/156	spanking-clothed	258631
W/157	fingering-clothed	180047
W/158	fingering-climax-clothed	243033
W/159	cunnilingus-clothed	240561
W/160	cunnilingus-climax-clothed	296724
W/161	masturbate-soft-clothed	204647
W/162	masturbate-hard-clothed	225471
W/163	masturbate-climax-clothed	267403
W/164	rimjob-clothed	238627
W/165	rimjob-cum-clothed	258537
W/166	milk-handjob-clothed	231262
W/167	milk-handjob-cum-clothed	280857
W/168	handjob-clothed	250951
W/169	handjob-cum-clothed	269932
W/170	footjob-clothed	228580
W/171	footjob-cum-clothed	242825
W/172	sixtynine-clothed	258615
W/173	sixtynine-cum-clothed	255963
W/174	paizuri-fellatio-pre-clothed	210417
W/175	paizuri-fellatio-hard-clothed	232175
W/176	paizuri-fellatio-cum-clothed	241431
W/177	paizuri-pre-clothed	218908
W/178	paizuri-soft-clothed	209062
W/179	paizuri-hard-clothed	222360
W/180	paizuri-cum-clothed	239249
W/181	paizuri-after-clothed	193577
W/182	breast-show-cum-clothed	235546
W/183	cock-kiss-clothed	222548
W/184	fellatio-pre-clothed	215177
W/185	fellatio-soft-clothed	223552
W/186	fellatio-hard-clothed	247113
W/187	fellatio-cum-clothed	246453
W/188	fellatio-after-clothed	220498
W/189	mouth-cum-show-clothed	210319
W/190	cum-hold-clothed	191397
W/191	cum-swallow-clothed	212994
X/1	neutral	201103
X/10	shy	235380
X/101	cowgirl-pre	178575
X/102	cowgirl-soft	198088
X/103	cowgirl-hard	229115
X/104	cowgirl-cum	258362
X/105	missionary-pre	211269
X/106	missionary-soft	231926
X/107	missionary-hard	264728
X/108	missionary-cum	263743
X/109	doggy-pre	196868
X/11	shy-big	241288
X/110	doggy-soft	222165
X/111	doggy-hard	270793
X/112	doggy-cum	267508
X/113	anal-pre	232191
X/114	anal-soft	235857
X/115	anal-hard	235836
X/116	anal-cum	257137
X/117	spooning-pre	204002
X/118	spooning-soft	234014
X/119	spooning-hard	257558
X/12	puzzled	233415
X/120	spooning-cum	275447
X/121	mating-press-pre	193879
X/122	mating-press-soft	240265
X/123	mating-press-hard	213886
X/124	mating-press-cum	233373
X/125	amazon-pre	227615
X/126	amazon-soft	240822
X/127	amazon-hard	241054
X/128	amazon-cum	248572
X/129	suspended-pre	257483
X/13	contempt	218857
X/130	suspended-soft	277718
X/131	suspended-hard	258554
X/132	suspended-cum	259604
X/133	full-nelson-pre	270450
X/134	full-nelson-soft	235590
X/135	full-nelson-hard	248908
X/136	full-nelson-cum	240413
X/137	lotus-pre	217530
X/138	lotus-soft	253749
X/139	lotus-hard	271539
X/14	aroused-soft	273665
X/140	lotus-cum	243723
X/141	seated-pre	214109
X/142	seated-soft	232663
X/143	seated-hard	248867
X/144	seated-cum	245884
X/145	sex-kiss	224106
X/146	deepkiss	227793
X/147	sex-breast-lick	261083
X/148	sex-breast-grope	238742
X/149	sex-breast-bury	225198
X/15	aroused	290665
X/150	armpit-show	228656
X/151	armpit-lick	219450
X/152	feet-show	221299
X/153	feet-lick	203723
X/154	facesit-pre	183202
X/155	facesit	174887
X/156	spanking	239027
X/157	fingering	192611
X/158	fingering-climax	244174
X/159	cunnilingus	239882
X/16	aroused-big	288743
X/160	cunnilingus-climax	287594
X/161	masturbate-soft	191337
X/162	masturbate-hard	218214
X/163	masturbate-climax	235738
X/164	rimjob	216190
X/165	rimjob-cum	227887
X/166	milk-handjob	226981
X/167	milk-handjob-cum	258790
X/168	handjob	243129
X/169	handjob-cum	253381
X/17	seduce	269366
X/170	footjob	258655
X/171	footjob-cum	268369
X/172	sixtynine	213083
X/173	sixtynine-cum	241397
X/174	paizuri-fellatio-pre	230473
X/175	paizuri-fellatio-hard	231288
X/176	paizuri-fellatio-cum	243199
X/177	paizuri-pre	201970
X/178	paizuri-soft	201812
X/179	paizuri-hard	209121
X/180	paizuri-cum	237531
X/181	paizuri-after	247642
X/182	breast-show-cum	259283
X/183	cock-kiss	201534
X/184	fellatio-pre	229808
X/185	fellatio-soft	240534
X/186	fellatio-hard	236256
X/187	fellatio-cum	259545
X/188	fellatio-after	209315
X/189	mouth-cum-show	224333
X/190	cum-hold	234819
X/191	cum-swallow	199627
X/2	smile-soft	240500
X/3	smile	265493
X/301	bra-off-1	222839
X/302	bra-off-2	238809
X/303	bra-off-3	274807
X/304	bra-show	274745
X/305	leak-soft	224009
X/306	leak	250140
X/307	leak-heavy	274689
X/308	clothed-breast-grope	276663
X/309	clothed-nipple	231518
X/31	ear-lick	295247
X/310	ask-milking	220779
X/311	after-milking	229272
X/312	breast-grope	266698
X/313	nipple-flick	262941
X/314	nipple-press	230900
X/315	nipple-roll	263419
X/316	nipple-lick	280604
X/317	nursing	260927
X/318	shirt-lift	220998
X/319	milk-bottle	265945
X/32	earlobe-bite	291963
X/320	after-milk-bottle	278821
X/321	milk-cleavage-pour	225110
X/322	milk-cleavage-show	236872
X/323	milk-cleavage-drink	250298
X/324	breast-heart	247611
X/325	nipple-cover	217588
X/326	self-pump	278409
X/327	pump-soft	288739
X/328	pump	273386
X/329	pump-hard	291201
X/33	neck-bite	274201
X/330	tray-breasts	242749
X/34	neck-hickey	274157
X/35	finger-suck	253943
X/36	finger-bite	302474
X/37	hand-kiss	289210
X/38	hold-hands	214415
X/39	kiss	265095
X/4	smile-big	240840
X/40	cheek-pull-happy	248330
X/401	ff-kiss-give	271051
X/402	ff-kiss-recv	229582
X/403	ff-breast-give	238097
X/404	ff-breast-recv	235893
X/405	ff-breastlick-give	245341
X/406	ff-breastlick-recv	249557
X/407	ff-cunni-give	269920
X/408	ff-cunni-recv	236225
X/409	ff-finger-give	256517
X/41	cheek-pull-shy	265046
X/410	ff-finger-recv	254756
X/411	ff-tribadism-give	246182
X/412	ff-tribadism-recv	258347
X/42	cheek-pull-annoyed	267452
X/43	chin-scratch-happy	256207
X/44	chin-scratch-shy	225554
X/45	chin-scratch-annoyed	256653
X/46	cheek-caress-happy	291529
X/47	cheek-caress-shy	245799
X/48	cheek-caress-aroused	254561
X/49	head-pat-happy	268599
X/5	surprised	230925
X/50	head-pat-shy	246567
X/51	head-pat-aroused	237032
X/52	hug-happy	269686
X/53	hug-shy	283200
X/54	hug-aroused	277829
X/6	sad	228037
X/7	angry	222242
X/71	shower	255171
X/72	meal	306451
X/73	facing-before-sleep	320840
X/74	sleep	274886
X/75	waking	284809
X/76	drunk-soft	284534
X/77	drunk	255666
X/78	drunk-heavy	246906
X/79	pushdown-1	247442
X/8	sulk	250215
X/80	pushdown-2	238532
X/81	pushdown-3	297541
X/82	wedding	581040
X/83	pregnant	458778
X/84	holding-baby	655722
X/85	walk-with-child	724184
X/9	shy-soft	204792
